"agent","episode","environment_seed","agent_seed","horizon","reward","length","source_commit","checkpoint_sha256"
"random","0","20360918","20360918","500","-0.8400","47","8c368f91e556e75a90356dbf3f9ffa47990c6f4a",""
"random","1","20360919","20360919","500","-0.7200","13","8c368f91e556e75a90356dbf3f9ffa47990c6f4a",""
"random","2","20360920","20360920","500","-0.9400","12","8c368f91e556e75a90356dbf3f9ffa47990c6f4a",""
"random","3","20360921","20360921","500","-0.8000","17","8c368f91e556e75a90356dbf3f9ffa47990c6f4a",""
"random","4","20360922","20360922","500","-0.8100","9","8c368f91e556e75a90356dbf3f9ffa47990c6f4a",""
"random","5","20360923","20360923","500","-0.9200","10","8c368f91e556e75a90356dbf3f9ffa47990c6f4a",""
"random","6","20360924","20360924","500","-0.9400","5","8c368f91e556e75a90356dbf3f9ffa47990c6f4a",""
"random","7","20360925","20360925","500","-0.9100","5","8c368f91e556e75a90356dbf3f9ffa47990c6f4a",""
"random","8","20360926","20360926","500","-0.8700","19","8c368f91e556e75a90356dbf3f9ffa47990c6f4a",""
"random","9","20360927","20360927","500","-0.9200","8","8c368f91e556e75a90356dbf3f9ffa47990c6f4a",""
"random","10","20360928","20360928","500","-0.9100","23","8c368f91e556e75a90356dbf3f9ffa47990c6f4a",""
"random","11","20360929","20360929","500","-0.6800","18","8c368f91e556e75a90356dbf3f9ffa47990c6f4a",""
"random","12","20360930","20360930","500","-0.7400","11","8c368f91e556e75a90356dbf3f9ffa47990c6f4a",""
"random","13","20360931","20360931","500","-0.8900","15","8c368f91e556e75a90356dbf3f9ffa47990c6f4a",""
"random","14","20360932","20360932","500","-0.8200","5","8c368f91e556e75a90356dbf3f9ffa47990c6f4a",""
"random","15","20360933","20360933","500","-0.6500","10","8c368f91e556e75a90356dbf3f9ffa47990c6f4a",""
"random","16","20360934","20360934","500","-0.9100","12","8c368f91e556e75a90356dbf3f9ffa47990c6f4a",""
"random","17","20360935","20360935","500","-0.9000","2","8c368f91e556e75a90356dbf3f9ffa47990c6f4a",""
"random","18","20360936","20360936","500","-0.9300","8","8c368f91e556e75a90356dbf3f9ffa47990c6f4a",""
"random","19","20360937","20360937","500","-0.7100","5","8c368f91e556e75a90356dbf3f9ffa47990c6f4a",""
"random","20","20360938","20360938","500","-0.9000","1","8c368f91e556e75a90356dbf3f9ffa47990c6f4a",""
"random","21","20360939","20360939","500","-0.9100","5","8c368f91e556e75a90356dbf3f9ffa47990c6f4a",""
"random","22","20360940","20360940","500","-0.9200","4","8c368f91e556e75a90356dbf3f9ffa47990c6f4a",""
"random","23","20360941","20360941","500","-0.8900","18","8c368f91e556e75a90356dbf3f9ffa47990c6f4a",""
"random","24","20360942","20360942","500","-0.7500","7","8c368f91e556e75a90356dbf3f9ffa47990c6f4a",""
"random","25","20360943","20360943","500","-0.9000","1","8c368f91e556e75a90356dbf3f9ffa47990c6f4a",""
"random","26","20360944","20360944","500","-0.8300","13","8c368f91e556e75a90356dbf3f9ffa47990c6f4a",""
"random","27","20360945","20360945","500","-0.8000","2","8c368f91e556e75a90356dbf3f9ffa47990c6f4a",""
"random","28","20360946","20360946","500","-0.6900","24","8c368f91e556e75a90356dbf3f9ffa47990c6f4a",""
"random","29","20360947","20360947","500","-0.8800","10","8c368f91e556e75a90356dbf3f9ffa47990c6f4a",""
"random","30","20360948","20360948","500","-0.8100","7","8c368f91e556e75a90356dbf3f9ffa47990c6f4a",""
"random","31","20360949","20360949","500","-0.9000","1","8c368f91e556e75a90356dbf3f9ffa47990c6f4a",""
"random","32","20360950","20360950","500","-0.9000","5","8c368f91e556e75a90356dbf3f9ffa47990c6f4a",""
"random","33","20360951","20360951","500","-0.7800","20","8c368f91e556e75a90356dbf3f9ffa47990c6f4a",""
"random","34","20360952","20360952","500","-0.9000","1","8c368f91e556e75a90356dbf3f9ffa47990c6f4a",""
"random","35","20360953","20360953","500","-0.7700","18","8c368f91e556e75a90356dbf3f9ffa47990c6f4a",""
"random","36","20360954","20360954","500","-0.7100","15","8c368f91e556e75a90356dbf3f9ffa47990c6f4a",""
"random","37","20360955","20360955","500","-0.8200","7","8c368f91e556e75a90356dbf3f9ffa47990c6f4a",""
"random","38","20360956","20360956","500","-0.8500","3","8c368f91e556e75a90356dbf3f9ffa47990c6f4a",""
"random","39","20360957","20360957","500","-0.9200","8","8c368f91e556e75a90356dbf3f9ffa47990c6f4a",""
"random","40","20360958","20360958","500","-0.8000","3","8c368f91e556e75a90356dbf3f9ffa47990c6f4a",""
"random","41","20360959","20360959","500","-0.8800","9","8c368f91e556e75a90356dbf3f9ffa47990c6f4a",""
"random","42","20360960","20360960","500","-0.6900","20","8c368f91e556e75a90356dbf3f9ffa47990c6f4a",""
"random","43","20360961","20360961","500","-0.9000","3","8c368f91e556e75a90356dbf3f9ffa47990c6f4a",""
"random","44","20360962","20360962","500","-0.9200","6","8c368f91e556e75a90356dbf3f9ffa47990c6f4a",""
"random","45","20360963","20360963","500","-0.9400","13","8c368f91e556e75a90356dbf3f9ffa47990c6f4a",""
"random","46","20360964","20360964","500","-0.7100","37","8c368f91e556e75a90356dbf3f9ffa47990c6f4a",""
"random","47","20360965","20360965","500","-0.7300","18","8c368f91e556e75a90356dbf3f9ffa47990c6f4a",""
"random","48","20360966","20360966","500","-0.8900","11","8c368f91e556e75a90356dbf3f9ffa47990c6f4a",""
"random","49","20360967","20360967","500","-0.9100","4","8c368f91e556e75a90356dbf3f9ffa47990c6f4a",""
"random","50","20360968","20360968","500","-0.8300","15","8c368f91e556e75a90356dbf3f9ffa47990c6f4a",""
"random","51","20360969","20360969","500","-0.9100","2","8c368f91e556e75a90356dbf3f9ffa47990c6f4a",""
"random","52","20360970","20360970","500","-0.6000","8","8c368f91e556e75a90356dbf3f9ffa47990c6f4a",""
"random","53","20360971","20360971","500","-0.9100","2","8c368f91e556e75a90356dbf3f9ffa47990c6f4a",""
"random","54","20360972","20360972","500","-0.9000","3","8c368f91e556e75a90356dbf3f9ffa47990c6f4a",""
"random","55","20360973","20360973","500","-0.9300","12","8c368f91e556e75a90356dbf3f9ffa47990c6f4a",""
"random","56","20360974","20360974","500","-0.7700","16","8c368f91e556e75a90356dbf3f9ffa47990c6f4a",""
"random","57","20360975","20360975","500","-0.8600","6","8c368f91e556e75a90356dbf3f9ffa47990c6f4a",""
"random","58","20360976","20360976","500","-0.6600","7","8c368f91e556e75a90356dbf3f9ffa47990c6f4a",""
"random","59","20360977","20360977","500","-0.8300","11","8c368f91e556e75a90356dbf3f9ffa47990c6f4a",""
"random","60","20360978","20360978","500","-0.7400","25","8c368f91e556e75a90356dbf3f9ffa47990c6f4a",""
"random","61","20360979","20360979","500","-0.9000","1","8c368f91e556e75a90356dbf3f9ffa47990c6f4a",""
"random","62","20360980","20360980","500","-0.9100","3","8c368f91e556e75a90356dbf3f9ffa47990c6f4a",""
"random","63","20360981","20360981","500","-0.8300","16","8c368f91e556e75a90356dbf3f9ffa47990c6f4a",""
"random","64","20360982","20360982","500","-0.9400","7","8c368f91e556e75a90356dbf3f9ffa47990c6f4a",""
"random","65","20360983","20360983","500","-0.8600","6","8c368f91e556e75a90356dbf3f9ffa47990c6f4a",""
"random","66","20360984","20360984","500","-0.5500","27","8c368f91e556e75a90356dbf3f9ffa47990c6f4a",""
"random","67","20360985","20360985","500","-0.9000","4","8c368f91e556e75a90356dbf3f9ffa47990c6f4a",""
"random","68","20360986","20360986","500","-0.7600","22","8c368f91e556e75a90356dbf3f9ffa47990c6f4a",""
"random","69","20360987","20360987","500","-0.8700","7","8c368f91e556e75a90356dbf3f9ffa47990c6f4a",""
"random","70","20360988","20360988","500","-0.9000","5","8c368f91e556e75a90356dbf3f9ffa47990c6f4a",""
"random","71","20360989","20360989","500","-0.7900","23","8c368f91e556e75a90356dbf3f9ffa47990c6f4a",""
"random","72","20360990","20360990","500","-0.9100","4","8c368f91e556e75a90356dbf3f9ffa47990c6f4a",""
"random","73","20360991","20360991","500","-0.8100","3","8c368f91e556e75a90356dbf3f9ffa47990c6f4a",""
"random","74","20360992","20360992","500","-0.9100","3","8c368f91e556e75a90356dbf3f9ffa47990c6f4a",""
"random","75","20360993","20360993","500","-0.9200","4","8c368f91e556e75a90356dbf3f9ffa47990c6f4a",""
"random","76","20360994","20360994","500","-0.8800","13","8c368f91e556e75a90356dbf3f9ffa47990c6f4a",""
"random","77","20360995","20360995","500","-0.8100","5","8c368f91e556e75a90356dbf3f9ffa47990c6f4a",""
"random","78","20360996","20360996","500","-0.8900","15","8c368f91e556e75a90356dbf3f9ffa47990c6f4a",""
"random","79","20360997","20360997","500","-0.9000","2","8c368f91e556e75a90356dbf3f9ffa47990c6f4a",""
"random","80","20360998","20360998","500","-0.9200","6","8c368f91e556e75a90356dbf3f9ffa47990c6f4a",""
"random","81","20360999","20360999","500","-0.9000","1","8c368f91e556e75a90356dbf3f9ffa47990c6f4a",""
"random","82","20361000","20361000","500","-0.5200","16","8c368f91e556e75a90356dbf3f9ffa47990c6f4a",""
"random","83","20361001","20361001","500","-0.8300","14","8c368f91e556e75a90356dbf3f9ffa47990c6f4a",""
"random","84","20361002","20361002","500","-0.9100","2","8c368f91e556e75a90356dbf3f9ffa47990c6f4a",""
"random","85","20361003","20361003","500","-0.7300","17","8c368f91e556e75a90356dbf3f9ffa47990c6f4a",""
"random","86","20361004","20361004","500","-0.8500","7","8c368f91e556e75a90356dbf3f9ffa47990c6f4a",""
"random","87","20361005","20361005","500","-0.9000","2","8c368f91e556e75a90356dbf3f9ffa47990c6f4a",""
"random","88","20361006","20361006","500","-0.9000","2","8c368f91e556e75a90356dbf3f9ffa47990c6f4a",""
"random","89","20361007","20361007","500","-0.8600","11","8c368f91e556e75a90356dbf3f9ffa47990c6f4a",""
"random","90","20361008","20361008","500","-0.9200","5","8c368f91e556e75a90356dbf3f9ffa47990c6f4a",""
"random","91","20361009","20361009","500","-0.9000","3","8c368f91e556e75a90356dbf3f9ffa47990c6f4a",""
"random","92","20361010","20361010","500","-0.9100","3","8c368f91e556e75a90356dbf3f9ffa47990c6f4a",""
"random","93","20361011","20361011","500","-0.9000","1","8c368f91e556e75a90356dbf3f9ffa47990c6f4a",""
"random","94","20361012","20361012","500","-0.9000","1","8c368f91e556e75a90356dbf3f9ffa47990c6f4a",""
"random","95","20361013","20361013","500","-0.9000","1","8c368f91e556e75a90356dbf3f9ffa47990c6f4a",""
"random","96","20361014","20361014","500","-0.9000","2","8c368f91e556e75a90356dbf3f9ffa47990c6f4a",""
"random","97","20361015","20361015","500","-0.7800","13","8c368f91e556e75a90356dbf3f9ffa47990c6f4a",""
"random","98","20361016","20361016","500","-0.8300","25","8c368f91e556e75a90356dbf3f9ffa47990c6f4a",""
"random","99","20361017","20361017","500","-0.7700","10","8c368f91e556e75a90356dbf3f9ffa47990c6f4a",""
"random","100","20361018","20361018","500","-0.9200","3","8c368f91e556e75a90356dbf3f9ffa47990c6f4a",""
"random","101","20361019","20361019","500","-0.9000","1","8c368f91e556e75a90356dbf3f9ffa47990c6f4a",""
"random","102","20361020","20361020","500","-0.7500","27","8c368f91e556e75a90356dbf3f9ffa47990c6f4a",""
"random","103","20361021","20361021","500","-0.9100","5","8c368f91e556e75a90356dbf3f9ffa47990c6f4a",""
"random","104","20361022","20361022","500","-0.9100","3","8c368f91e556e75a90356dbf3f9ffa47990c6f4a",""
"random","105","20361023","20361023","500","-0.9000","1","8c368f91e556e75a90356dbf3f9ffa47990c6f4a",""
"random","106","20361024","20361024","500","-0.9400","8","8c368f91e556e75a90356dbf3f9ffa47990c6f4a",""
"random","107","20361025","20361025","500","-0.8000","3","8c368f91e556e75a90356dbf3f9ffa47990c6f4a",""
"random","108","20361026","20361026","500","-0.8900","16","8c368f91e556e75a90356dbf3f9ffa47990c6f4a",""
"random","109","20361027","20361027","500","-0.6600","12","8c368f91e556e75a90356dbf3f9ffa47990c6f4a",""
"random","110","20361028","20361028","500","-0.9000","2","8c368f91e556e75a90356dbf3f9ffa47990c6f4a",""
"random","111","20361029","20361029","500","-0.9100","5","8c368f91e556e75a90356dbf3f9ffa47990c6f4a",""
"random","112","20361030","20361030","500","-0.7800","22","8c368f91e556e75a90356dbf3f9ffa47990c6f4a",""
"random","113","20361031","20361031","500","-0.9200","3","8c368f91e556e75a90356dbf3f9ffa47990c6f4a",""
"random","114","20361032","20361032","500","-0.9200","4","8c368f91e556e75a90356dbf3f9ffa47990c6f4a",""
"random","115","20361033","20361033","500","-0.7700","21","8c368f91e556e75a90356dbf3f9ffa47990c6f4a",""
"random","116","20361034","20361034","500","-0.9300","7","8c368f91e556e75a90356dbf3f9ffa47990c6f4a",""
"random","117","20361035","20361035","500","-0.6200","10","8c368f91e556e75a90356dbf3f9ffa47990c6f4a",""
"random","118","20361036","20361036","500","-0.8500","10","8c368f91e556e75a90356dbf3f9ffa47990c6f4a",""
"random","119","20361037","20361037","500","-0.9000","1","8c368f91e556e75a90356dbf3f9ffa47990c6f4a",""
"random","120","20361038","20361038","500","-0.7600","21","8c368f91e556e75a90356dbf3f9ffa47990c6f4a",""
"random","121","20361039","20361039","500","-0.6300","14","8c368f91e556e75a90356dbf3f9ffa47990c6f4a",""
"random","122","20361040","20361040","500","-0.7300","10","8c368f91e556e75a90356dbf3f9ffa47990c6f4a",""
"random","123","20361041","20361041","500","-0.9000","4","8c368f91e556e75a90356dbf3f9ffa47990c6f4a",""
"random","124","20361042","20361042","500","-0.8400","10","8c368f91e556e75a90356dbf3f9ffa47990c6f4a",""
"random","125","20361043","20361043","500","-0.9300","5","8c368f91e556e75a90356dbf3f9ffa47990c6f4a",""
"random","126","20361044","20361044","500","-0.7200","23","8c368f91e556e75a90356dbf3f9ffa47990c6f4a",""
"random","127","20361045","20361045","500","-0.9000","4","8c368f91e556e75a90356dbf3f9ffa47990c6f4a",""
"random","128","20361046","20361046","500","-0.7200","12","8c368f91e556e75a90356dbf3f9ffa47990c6f4a",""
"random","129","20361047","20361047","500","-0.9300","8","8c368f91e556e75a90356dbf3f9ffa47990c6f4a",""
"random","130","20361048","20361048","500","-0.5500","29","8c368f91e556e75a90356dbf3f9ffa47990c6f4a",""
"random","131","20361049","20361049","500","-0.9200","5","8c368f91e556e75a90356dbf3f9ffa47990c6f4a",""
"random","132","20361050","20361050","500","-0.7700","12","8c368f91e556e75a90356dbf3f9ffa47990c6f4a",""
"random","133","20361051","20361051","500","-0.7700","18","8c368f91e556e75a90356dbf3f9ffa47990c6f4a",""
"random","134","20361052","20361052","500","-0.5700","34","8c368f91e556e75a90356dbf3f9ffa47990c6f4a",""
"random","135","20361053","20361053","500","-0.9100","3","8c368f91e556e75a90356dbf3f9ffa47990c6f4a",""
"random","136","20361054","20361054","500","-0.9500","14","8c368f91e556e75a90356dbf3f9ffa47990c6f4a",""
"random","137","20361055","20361055","500","-0.8000","8","8c368f91e556e75a90356dbf3f9ffa47990c6f4a",""
"random","138","20361056","20361056","500","-0.9000","1","8c368f91e556e75a90356dbf3f9ffa47990c6f4a",""
"random","139","20361057","20361057","500","-0.8600","5","8c368f91e556e75a90356dbf3f9ffa47990c6f4a",""
"random","140","20361058","20361058","500","-0.9200","7","8c368f91e556e75a90356dbf3f9ffa47990c6f4a",""
"random","141","20361059","20361059","500","-0.9100","4","8c368f91e556e75a90356dbf3f9ffa47990c6f4a",""
"random","142","20361060","20361060","500","-0.7100","8","8c368f91e556e75a90356dbf3f9ffa47990c6f4a",""
"random","143","20361061","20361061","500","-0.9200","8","8c368f91e556e75a90356dbf3f9ffa47990c6f4a",""
"random","144","20361062","20361062","500","-0.9100","2","8c368f91e556e75a90356dbf3f9ffa47990c6f4a",""
"random","145","20361063","20361063","500","-0.7300","10","8c368f91e556e75a90356dbf3f9ffa47990c6f4a",""
"random","146","20361064","20361064","500","-0.6600","31","8c368f91e556e75a90356dbf3f9ffa47990c6f4a",""
"random","147","20361065","20361065","500","-0.7200","17","8c368f91e556e75a90356dbf3f9ffa47990c6f4a",""
"random","148","20361066","20361066","500","-0.7000","4","8c368f91e556e75a90356dbf3f9ffa47990c6f4a",""
"random","149","20361067","20361067","500","-0.6700","14","8c368f91e556e75a90356dbf3f9ffa47990c6f4a",""
"random","150","20361068","20361068","500","-0.7400","20","8c368f91e556e75a90356dbf3f9ffa47990c6f4a",""
"random","151","20361069","20361069","500","-0.7600","23","8c368f91e556e75a90356dbf3f9ffa47990c6f4a",""
"random","152","20361070","20361070","500","-0.9000","4","8c368f91e556e75a90356dbf3f9ffa47990c6f4a",""
"random","153","20361071","20361071","500","-0.9100","3","8c368f91e556e75a90356dbf3f9ffa47990c6f4a",""
"random","154","20361072","20361072","500","-0.8200","6","8c368f91e556e75a90356dbf3f9ffa47990c6f4a",""
"random","155","20361073","20361073","500","-0.9200","4","8c368f91e556e75a90356dbf3f9ffa47990c6f4a",""
"random","156","20361074","20361074","500","-0.8400","12","8c368f91e556e75a90356dbf3f9ffa47990c6f4a",""
"random","157","20361075","20361075","500","-0.8700","8","8c368f91e556e75a90356dbf3f9ffa47990c6f4a",""
"random","158","20361076","20361076","500","-0.1100","14","8c368f91e556e75a90356dbf3f9ffa47990c6f4a",""
"random","159","20361077","20361077","500","-0.9200","7","8c368f91e556e75a90356dbf3f9ffa47990c6f4a",""
"random","160","20361078","20361078","500","-0.9000","2","8c368f91e556e75a90356dbf3f9ffa47990c6f4a",""
"random","161","20361079","20361079","500","-0.6300","21","8c368f91e556e75a90356dbf3f9ffa47990c6f4a",""
"random","162","20361080","20361080","500","-0.9000","6","8c368f91e556e75a90356dbf3f9ffa47990c6f4a",""
"random","163","20361081","20361081","500","-0.9000","1","8c368f91e556e75a90356dbf3f9ffa47990c6f4a",""
"random","164","20361082","20361082","500","-0.8700","6","8c368f91e556e75a90356dbf3f9ffa47990c6f4a",""
"random","165","20361083","20361083","500","-0.9000","1","8c368f91e556e75a90356dbf3f9ffa47990c6f4a",""
"random","166","20361084","20361084","500","-0.7200","15","8c368f91e556e75a90356dbf3f9ffa47990c6f4a",""
"random","167","20361085","20361085","500","-0.9000","3","8c368f91e556e75a90356dbf3f9ffa47990c6f4a",""
"random","168","20361086","20361086","500","-0.9300","9","8c368f91e556e75a90356dbf3f9ffa47990c6f4a",""
"random","169","20361087","20361087","500","-0.9000","4","8c368f91e556e75a90356dbf3f9ffa47990c6f4a",""
"random","170","20361088","20361088","500","-0.9100","4","8c368f91e556e75a90356dbf3f9ffa47990c6f4a",""
"random","171","20361089","20361089","500","-0.8500","6","8c368f91e556e75a90356dbf3f9ffa47990c6f4a",""
"random","172","20361090","20361090","500","-0.6400","34","8c368f91e556e75a90356dbf3f9ffa47990c6f4a",""
"random","173","20361091","20361091","500","-0.6800","21","8c368f91e556e75a90356dbf3f9ffa47990c6f4a",""
"random","174","20361092","20361092","500","-0.7700","12","8c368f91e556e75a90356dbf3f9ffa47990c6f4a",""
"random","175","20361093","20361093","500","-0.7700","27","8c368f91e556e75a90356dbf3f9ffa47990c6f4a",""
"random","176","20361094","20361094","500","-0.8000","3","8c368f91e556e75a90356dbf3f9ffa47990c6f4a",""
"random","177","20361095","20361095","500","-0.6200","10","8c368f91e556e75a90356dbf3f9ffa47990c6f4a",""
"random","178","20361096","20361096","500","-0.8700","5","8c368f91e556e75a90356dbf3f9ffa47990c6f4a",""
"random","179","20361097","20361097","500","-0.7200","8","8c368f91e556e75a90356dbf3f9ffa47990c6f4a",""
"random","180","20361098","20361098","500","-0.8000","4","8c368f91e556e75a90356dbf3f9ffa47990c6f4a",""
"random","181","20361099","20361099","500","-0.8400","16","8c368f91e556e75a90356dbf3f9ffa47990c6f4a",""
"random","182","20361100","20361100","500","-0.9200","3","8c368f91e556e75a90356dbf3f9ffa47990c6f4a",""
"random","183","20361101","20361101","500","-0.9400","22","8c368f91e556e75a90356dbf3f9ffa47990c6f4a",""
"random","184","20361102","20361102","500","-0.8900","12","8c368f91e556e75a90356dbf3f9ffa47990c6f4a",""
"random","185","20361103","20361103","500","-0.8500","14","8c368f91e556e75a90356dbf3f9ffa47990c6f4a",""
"random","186","20361104","20361104","500","-0.9200","6","8c368f91e556e75a90356dbf3f9ffa47990c6f4a",""
"random","187","20361105","20361105","500","-0.9500","11","8c368f91e556e75a90356dbf3f9ffa47990c6f4a",""
"random","188","20361106","20361106","500","-0.9000","1","8c368f91e556e75a90356dbf3f9ffa47990c6f4a",""
"random","189","20361107","20361107","500","-0.7800","16","8c368f91e556e75a90356dbf3f9ffa47990c6f4a",""
"random","190","20361108","20361108","500","-0.3600","18","8c368f91e556e75a90356dbf3f9ffa47990c6f4a",""
"random","191","20361109","20361109","500","-0.9100","2","8c368f91e556e75a90356dbf3f9ffa47990c6f4a",""
"random","192","20361110","20361110","500","-0.9100","4","8c368f91e556e75a90356dbf3f9ffa47990c6f4a",""
"random","193","20361111","20361111","500","-0.8600","7","8c368f91e556e75a90356dbf3f9ffa47990c6f4a",""
"random","194","20361112","20361112","500","-0.9100","3","8c368f91e556e75a90356dbf3f9ffa47990c6f4a",""
"random","195","20361113","20361113","500","-0.9000","1","8c368f91e556e75a90356dbf3f9ffa47990c6f4a",""
"random","196","20361114","20361114","500","-0.9000","1","8c368f91e556e75a90356dbf3f9ffa47990c6f4a",""
"random","197","20361115","20361115","500","-0.8400","12","8c368f91e556e75a90356dbf3f9ffa47990c6f4a",""
"random","198","20361116","20361116","500","-0.9000","12","8c368f91e556e75a90356dbf3f9ffa47990c6f4a",""
"random","199","20361117","20361117","500","-0.9000","2","8c368f91e556e75a90356dbf3f9ffa47990c6f4a",""
"scripted","0","20360918","20360918","500","6.4200","16","8c368f91e556e75a90356dbf3f9ffa47990c6f4a",""
"scripted","1","20360919","20360919","500","6.7400","36","8c368f91e556e75a90356dbf3f9ffa47990c6f4a",""
"scripted","2","20360920","20360920","500","6.8000","34","8c368f91e556e75a90356dbf3f9ffa47990c6f4a",""
"scripted","3","20360921","20360921","500","6.4600","22","8c368f91e556e75a90356dbf3f9ffa47990c6f4a",""
"scripted","4","20360922","20360922","500","6.8200","36","8c368f91e556e75a90356dbf3f9ffa47990c6f4a",""
"scripted","5","20360923","20360923","500","6.4800","21","8c368f91e556e75a90356dbf3f9ffa47990c6f4a",""
"scripted","6","20360924","20360924","500","6.5200","20","8c368f91e556e75a90356dbf3f9ffa47990c6f4a",""
"scripted","7","20360925","20360925","500","6.7800","34","8c368f91e556e75a90356dbf3f9ffa47990c6f4a",""
"scripted","8","20360926","20360926","500","0.2400","21","8c368f91e556e75a90356dbf3f9ffa47990c6f4a",""
"scripted","9","20360927","20360927","500","6.5200","23","8c368f91e556e75a90356dbf3f9ffa47990c6f4a",""
"scripted","10","20360928","20360928","500","6.7000","27","8c368f91e556e75a90356dbf3f9ffa47990c6f4a",""
"scripted","11","20360929","20360929","500","6.4600","19","8c368f91e556e75a90356dbf3f9ffa47990c6f4a",""
"scripted","12","20360930","20360930","500","7.3200","58","8c368f91e556e75a90356dbf3f9ffa47990c6f4a",""
"scripted","13","20360931","20360931","500","6.5400","20","8c368f91e556e75a90356dbf3f9ffa47990c6f4a",""
"scripted","14","20360932","20360932","500","0.1100","23","8c368f91e556e75a90356dbf3f9ffa47990c6f4a",""
"scripted","15","20360933","20360933","500","6.4400","20","8c368f91e556e75a90356dbf3f9ffa47990c6f4a",""
"scripted","16","20360934","20360934","500","6.6600","100","8c368f91e556e75a90356dbf3f9ffa47990c6f4a",""
"scripted","17","20360935","20360935","500","0.5800","33","8c368f91e556e75a90356dbf3f9ffa47990c6f4a",""
"scripted","18","20360936","20360936","500","6.5400","26","8c368f91e556e75a90356dbf3f9ffa47990c6f4a",""
"scripted","19","20360937","20360937","500","0.1500","19","8c368f91e556e75a90356dbf3f9ffa47990c6f4a",""
"scripted","20","20360938","20360938","500","6.5800","24","8c368f91e556e75a90356dbf3f9ffa47990c6f4a",""
"scripted","21","20360939","20360939","500","0.2400","32","8c368f91e556e75a90356dbf3f9ffa47990c6f4a",""
"scripted","22","20360940","20360940","500","6.5000","33","8c368f91e556e75a90356dbf3f9ffa47990c6f4a",""
"scripted","23","20360941","20360941","500","6.9100","57","8c368f91e556e75a90356dbf3f9ffa47990c6f4a",""
"scripted","24","20360942","20360942","500","6.7600","39","8c368f91e556e75a90356dbf3f9ffa47990c6f4a",""
"scripted","25","20360943","20360943","500","6.5200","23","8c368f91e556e75a90356dbf3f9ffa47990c6f4a",""
"scripted","26","20360944","20360944","500","6.4800","24","8c368f91e556e75a90356dbf3f9ffa47990c6f4a",""
"scripted","27","20360945","20360945","500","7.0600","49","8c368f91e556e75a90356dbf3f9ffa47990c6f4a",""
"scripted","28","20360946","20360946","500","6.8600","39","8c368f91e556e75a90356dbf3f9ffa47990c6f4a",""
"scripted","29","20360947","20360947","500","6.4400","27","8c368f91e556e75a90356dbf3f9ffa47990c6f4a",""
"scripted","30","20360948","20360948","500","0.3400","18","8c368f91e556e75a90356dbf3f9ffa47990c6f4a",""
"scripted","31","20360949","20360949","500","-0.6500","17","8c368f91e556e75a90356dbf3f9ffa47990c6f4a",""
"scripted","32","20360950","20360950","500","6.4600","19","8c368f91e556e75a90356dbf3f9ffa47990c6f4a",""
"scripted","33","20360951","20360951","500","6.6200","27","8c368f91e556e75a90356dbf3f9ffa47990c6f4a",""
"scripted","34","20360952","20360952","500","6.6200","35","8c368f91e556e75a90356dbf3f9ffa47990c6f4a",""
"scripted","35","20360953","20360953","500","0.4700","33","8c368f91e556e75a90356dbf3f9ffa47990c6f4a",""
"scripted","36","20360954","20360954","500","6.9800","46","8c368f91e556e75a90356dbf3f9ffa47990c6f4a",""
"scripted","37","20360955","20360955","500","6.5900","32","8c368f91e556e75a90356dbf3f9ffa47990c6f4a",""
"scripted","38","20360956","20360956","500","0.3700","19","8c368f91e556e75a90356dbf3f9ffa47990c6f4a",""
"scripted","39","20360957","20360957","500","7.2800","66","8c368f91e556e75a90356dbf3f9ffa47990c6f4a",""
"scripted","40","20360958","20360958","500","6.6800","33","8c368f91e556e75a90356dbf3f9ffa47990c6f4a",""
"scripted","41","20360959","20360959","500","0.1300","19","8c368f91e556e75a90356dbf3f9ffa47990c6f4a",""
"scripted","42","20360960","20360960","500","6.7000","31","8c368f91e556e75a90356dbf3f9ffa47990c6f4a",""
"scripted","43","20360961","20360961","500","0.3900","19","8c368f91e556e75a90356dbf3f9ffa47990c6f4a",""
"scripted","44","20360962","20360962","500","6.8200","34","8c368f91e556e75a90356dbf3f9ffa47990c6f4a",""
"scripted","45","20360963","20360963","500","6.4400","17","8c368f91e556e75a90356dbf3f9ffa47990c6f4a",""
"scripted","46","20360964","20360964","500","6.5600","22","8c368f91e556e75a90356dbf3f9ffa47990c6f4a",""
"scripted","47","20360965","20360965","500","7.0200","44","8c368f91e556e75a90356dbf3f9ffa47990c6f4a",""
"scripted","48","20360966","20360966","500","7.3200","98","8c368f91e556e75a90356dbf3f9ffa47990c6f4a",""
"scripted","49","20360967","20360967","500","6.9800","44","8c368f91e556e75a90356dbf3f9ffa47990c6f4a",""
"scripted","50","20360968","20360968","500","6.6800","36","8c368f91e556e75a90356dbf3f9ffa47990c6f4a",""
"scripted","51","20360969","20360969","500","6.4400","32","8c368f91e556e75a90356dbf3f9ffa47990c6f4a",""
"scripted","52","20360970","20360970","500","0.2400","24","8c368f91e556e75a90356dbf3f9ffa47990c6f4a",""
"scripted","53","20360971","20360971","500","6.6200","33","8c368f91e556e75a90356dbf3f9ffa47990c6f4a",""
"scripted","54","20360972","20360972","500","6.9600","47","8c368f91e556e75a90356dbf3f9ffa47990c6f4a",""
"scripted","55","20360973","20360973","500","0.1300","19","8c368f91e556e75a90356dbf3f9ffa47990c6f4a",""
"scripted","56","20360974","20360974","500","0.4100","29","8c368f91e556e75a90356dbf3f9ffa47990c6f4a",""
"scripted","57","20360975","20360975","500","6.5600","24","8c368f91e556e75a90356dbf3f9ffa47990c6f4a",""
"scripted","58","20360976","20360976","500","0.3700","27","8c368f91e556e75a90356dbf3f9ffa47990c6f4a",""
"scripted","59","20360977","20360977","500","6.7600","33","8c368f91e556e75a90356dbf3f9ffa47990c6f4a",""
"scripted","60","20360978","20360978","500","0.2100","30","8c368f91e556e75a90356dbf3f9ffa47990c6f4a",""
"scripted","61","20360979","20360979","500","-0.4100","13","8c368f91e556e75a90356dbf3f9ffa47990c6f4a",""
"scripted","62","20360980","20360980","500","6.9400","42","8c368f91e556e75a90356dbf3f9ffa47990c6f4a",""
"scripted","63","20360981","20360981","500","6.6800","35","8c368f91e556e75a90356dbf3f9ffa47990c6f4a",""
"scripted","64","20360982","20360982","500","1.0400","52","8c368f91e556e75a90356dbf3f9ffa47990c6f4a",""
"scripted","65","20360983","20360983","500","6.5000","21","8c368f91e556e75a90356dbf3f9ffa47990c6f4a",""
"scripted","66","20360984","20360984","500","6.8000","34","8c368f91e556e75a90356dbf3f9ffa47990c6f4a",""
"scripted","67","20360985","20360985","500","6.5200","19","8c368f91e556e75a90356dbf3f9ffa47990c6f4a",""
"scripted","68","20360986","20360986","500","6.4800","21","8c368f91e556e75a90356dbf3f9ffa47990c6f4a",""
"scripted","69","20360987","20360987","500","0.1600","20","8c368f91e556e75a90356dbf3f9ffa47990c6f4a",""
"scripted","70","20360988","20360988","500","6.5200","21","8c368f91e556e75a90356dbf3f9ffa47990c6f4a",""
"scripted","71","20360989","20360989","500","6.5200","19","8c368f91e556e75a90356dbf3f9ffa47990c6f4a",""
"scripted","72","20360990","20360990","500","7.0000","43","8c368f91e556e75a90356dbf3f9ffa47990c6f4a",""
"scripted","73","20360991","20360991","500","6.5400","29","8c368f91e556e75a90356dbf3f9ffa47990c6f4a",""
"scripted","74","20360992","20360992","500","6.7000","31","8c368f91e556e75a90356dbf3f9ffa47990c6f4a",""
"scripted","75","20360993","20360993","500","1.2000","54","8c368f91e556e75a90356dbf3f9ffa47990c6f4a",""
"scripted","76","20360994","20360994","500","6.5000","21","8c368f91e556e75a90356dbf3f9ffa47990c6f4a",""
"scripted","77","20360995","20360995","500","6.4600","18","8c368f91e556e75a90356dbf3f9ffa47990c6f4a",""
"scripted","78","20360996","20360996","500","6.5400","26","8c368f91e556e75a90356dbf3f9ffa47990c6f4a",""
"scripted","79","20360997","20360997","500","6.5200","18","8c368f91e556e75a90356dbf3f9ffa47990c6f4a",""
"scripted","80","20360998","20360998","500","6.9600","49","8c368f91e556e75a90356dbf3f9ffa47990c6f4a",""
"scripted","81","20360999","20360999","500","6.6600","32","8c368f91e556e75a90356dbf3f9ffa47990c6f4a",""
"scripted","82","20361000","20361000","500","0.9400","51","8c368f91e556e75a90356dbf3f9ffa47990c6f4a",""
"scripted","83","20361001","20361001","500","6.6700","31","8c368f91e556e75a90356dbf3f9ffa47990c6f4a",""
"scripted","84","20361002","20361002","500","6.8400","57","8c368f91e556e75a90356dbf3f9ffa47990c6f4a",""
"scripted","85","20361003","20361003","500","6.7800","38","8c368f91e556e75a90356dbf3f9ffa47990c6f4a",""
"scripted","86","20361004","20361004","500","7.0200","43","8c368f91e556e75a90356dbf3f9ffa47990c6f4a",""
"scripted","87","20361005","20361005","500","6.7000","32","8c368f91e556e75a90356dbf3f9ffa47990c6f4a",""
"scripted","88","20361006","20361006","500","7.1600","51","8c368f91e556e75a90356dbf3f9ffa47990c6f4a",""
"scripted","89","20361007","20361007","500","6.8600","42","8c368f91e556e75a90356dbf3f9ffa47990c6f4a",""
"scripted","90","20361008","20361008","500","6.4100","27","8c368f91e556e75a90356dbf3f9ffa47990c6f4a",""
"scripted","91","20361009","20361009","500","7.0600","50","8c368f91e556e75a90356dbf3f9ffa47990c6f4a",""
"scripted","92","20361010","20361010","500","6.6400","26","8c368f91e556e75a90356dbf3f9ffa47990c6f4a",""
"scripted","93","20361011","20361011","500","6.6800","44","8c368f91e556e75a90356dbf3f9ffa47990c6f4a",""
"scripted","94","20361012","20361012","500","6.5800","24","8c368f91e556e75a90356dbf3f9ffa47990c6f4a",""
"scripted","95","20361013","20361013","500","6.6000","23","8c368f91e556e75a90356dbf3f9ffa47990c6f4a",""
"scripted","96","20361014","20361014","500","6.7800","34","8c368f91e556e75a90356dbf3f9ffa47990c6f4a",""
"scripted","97","20361015","20361015","500","0.3500","37","8c368f91e556e75a90356dbf3f9ffa47990c6f4a",""
"scripted","98","20361016","20361016","500","6.8600","46","8c368f91e556e75a90356dbf3f9ffa47990c6f4a",""
"scripted","99","20361017","20361017","500","6.6400","33","8c368f91e556e75a90356dbf3f9ffa47990c6f4a",""
"scripted","100","20361018","20361018","500","6.8800","40","8c368f91e556e75a90356dbf3f9ffa47990c6f4a",""
"scripted","101","20361019","20361019","500","6.5000","24","8c368f91e556e75a90356dbf3f9ffa47990c6f4a",""
"scripted","102","20361020","20361020","500","6.9000","39","8c368f91e556e75a90356dbf3f9ffa47990c6f4a",""
"scripted","103","20361021","20361021","500","6.5300","24","8c368f91e556e75a90356dbf3f9ffa47990c6f4a",""
"scripted","104","20361022","20361022","500","6.8200","38","8c368f91e556e75a90356dbf3f9ffa47990c6f4a",""
"scripted","105","20361023","20361023","500","-0.4600","24","8c368f91e556e75a90356dbf3f9ffa47990c6f4a",""
"scripted","106","20361024","20361024","500","6.6600","26","8c368f91e556e75a90356dbf3f9ffa47990c6f4a",""
"scripted","107","20361025","20361025","500","0.1700","29","8c368f91e556e75a90356dbf3f9ffa47990c6f4a",""
"scripted","108","20361026","20361026","500","6.5500","27","8c368f91e556e75a90356dbf3f9ffa47990c6f4a",""
"scripted","109","20361027","20361027","500","6.4600","29","8c368f91e556e75a90356dbf3f9ffa47990c6f4a",""
"scripted","110","20361028","20361028","500","7.0600","46","8c368f91e556e75a90356dbf3f9ffa47990c6f4a",""
"scripted","111","20361029","20361029","500","6.5700","23","8c368f91e556e75a90356dbf3f9ffa47990c6f4a",""
"scripted","112","20361030","20361030","500","6.7800","41","8c368f91e556e75a90356dbf3f9ffa47990c6f4a",""
"scripted","113","20361031","20361031","500","6.4600","21","8c368f91e556e75a90356dbf3f9ffa47990c6f4a",""
"scripted","114","20361032","20361032","500","6.9600","41","8c368f91e556e75a90356dbf3f9ffa47990c6f4a",""
"scripted","115","20361033","20361033","500","0.1000","14","8c368f91e556e75a90356dbf3f9ffa47990c6f4a",""
"scripted","116","20361034","20361034","500","6.8600","36","8c368f91e556e75a90356dbf3f9ffa47990c6f4a",""
"scripted","117","20361035","20361035","500","6.5200","25","8c368f91e556e75a90356dbf3f9ffa47990c6f4a",""
"scripted","118","20361036","20361036","500","6.5400","23","8c368f91e556e75a90356dbf3f9ffa47990c6f4a",""
"scripted","119","20361037","20361037","500","6.9300","46","8c368f91e556e75a90356dbf3f9ffa47990c6f4a",""
"scripted","120","20361038","20361038","500","6.4200","14","8c368f91e556e75a90356dbf3f9ffa47990c6f4a",""
"scripted","121","20361039","20361039","500","6.5000","21","8c368f91e556e75a90356dbf3f9ffa47990c6f4a",""
"scripted","122","20361040","20361040","500","6.5200","22","8c368f91e556e75a90356dbf3f9ffa47990c6f4a",""
"scripted","123","20361041","20361041","500","7.0600","45","8c368f91e556e75a90356dbf3f9ffa47990c6f4a",""
"scripted","124","20361042","20361042","500","6.8800","37","8c368f91e556e75a90356dbf3f9ffa47990c6f4a",""
"scripted","125","20361043","20361043","500","7.1400","99","8c368f91e556e75a90356dbf3f9ffa47990c6f4a",""
"scripted","126","20361044","20361044","500","6.5200","18","8c368f91e556e75a90356dbf3f9ffa47990c6f4a",""
"scripted","127","20361045","20361045","500","6.6800","29","8c368f91e556e75a90356dbf3f9ffa47990c6f4a",""
"scripted","128","20361046","20361046","500","6.9800","46","8c368f91e556e75a90356dbf3f9ffa47990c6f4a",""
"scripted","129","20361047","20361047","500","6.5200","19","8c368f91e556e75a90356dbf3f9ffa47990c6f4a",""
"scripted","130","20361048","20361048","500","6.7400","41","8c368f91e556e75a90356dbf3f9ffa47990c6f4a",""
"scripted","131","20361049","20361049","500","6.5000","18","8c368f91e556e75a90356dbf3f9ffa47990c6f4a",""
"scripted","132","20361050","20361050","500","6.4200","29","8c368f91e556e75a90356dbf3f9ffa47990c6f4a",""
"scripted","133","20361051","20361051","500","6.9600","47","8c368f91e556e75a90356dbf3f9ffa47990c6f4a",""
"scripted","134","20361052","20361052","500","0.5400","26","8c368f91e556e75a90356dbf3f9ffa47990c6f4a",""
"scripted","135","20361053","20361053","500","6.8200","38","8c368f91e556e75a90356dbf3f9ffa47990c6f4a",""
"scripted","136","20361054","20361054","500","6.6800","28","8c368f91e556e75a90356dbf3f9ffa47990c6f4a",""
"scripted","137","20361055","20361055","500","0.5200","25","8c368f91e556e75a90356dbf3f9ffa47990c6f4a",""
"scripted","138","20361056","20361056","500","6.5800","39","8c368f91e556e75a90356dbf3f9ffa47990c6f4a",""
"scripted","139","20361057","20361057","500","6.8800","38","8c368f91e556e75a90356dbf3f9ffa47990c6f4a",""
"scripted","140","20361058","20361058","500","6.7200","29","8c368f91e556e75a90356dbf3f9ffa47990c6f4a",""
"scripted","141","20361059","20361059","500","6.4400","18","8c368f91e556e75a90356dbf3f9ffa47990c6f4a",""
"scripted","142","20361060","20361060","500","6.5600","20","8c368f91e556e75a90356dbf3f9ffa47990c6f4a",""
"scripted","143","20361061","20361061","500","0.0500","17","8c368f91e556e75a90356dbf3f9ffa47990c6f4a",""
"scripted","144","20361062","20361062","500","6.6400","29","8c368f91e556e75a90356dbf3f9ffa47990c6f4a",""
"scripted","145","20361063","20361063","500","6.9800","41","8c368f91e556e75a90356dbf3f9ffa47990c6f4a",""
"scripted","146","20361064","20361064","500","6.6100","28","8c368f91e556e75a90356dbf3f9ffa47990c6f4a",""
"scripted","147","20361065","20361065","500","6.9200","43","8c368f91e556e75a90356dbf3f9ffa47990c6f4a",""
"scripted","148","20361066","20361066","500","6.7200","30","8c368f91e556e75a90356dbf3f9ffa47990c6f4a",""
"scripted","149","20361067","20361067","500","6.5900","27","8c368f91e556e75a90356dbf3f9ffa47990c6f4a",""
"scripted","150","20361068","20361068","500","6.8800","42","8c368f91e556e75a90356dbf3f9ffa47990c6f4a",""
"scripted","151","20361069","20361069","500","6.6000","29","8c368f91e556e75a90356dbf3f9ffa47990c6f4a",""
"scripted","152","20361070","20361070","500","6.5900","25","8c368f91e556e75a90356dbf3f9ffa47990c6f4a",""
"scripted","153","20361071","20361071","500","6.7200","37","8c368f91e556e75a90356dbf3f9ffa47990c6f4a",""
"scripted","154","20361072","20361072","500","6.8000","35","8c368f91e556e75a90356dbf3f9ffa47990c6f4a",""
"scripted","155","20361073","20361073","500","-0.5800","44","8c368f91e556e75a90356dbf3f9ffa47990c6f4a",""
"scripted","156","20361074","20361074","500","6.6000","24","8c368f91e556e75a90356dbf3f9ffa47990c6f4a",""
"scripted","157","20361075","20361075","500","6.4400","27","8c368f91e556e75a90356dbf3f9ffa47990c6f4a",""
"scripted","158","20361076","20361076","500","6.4400","23","8c368f91e556e75a90356dbf3f9ffa47990c6f4a",""
"scripted","159","20361077","20361077","500","6.6000","23","8c368f91e556e75a90356dbf3f9ffa47990c6f4a",""
"scripted","160","20361078","20361078","500","-0.4300","15","8c368f91e556e75a90356dbf3f9ffa47990c6f4a",""
"scripted","161","20361079","20361079","500","6.5600","23","8c368f91e556e75a90356dbf3f9ffa47990c6f4a",""
"scripted","162","20361080","20361080","500","6.9400","42","8c368f91e556e75a90356dbf3f9ffa47990c6f4a",""
"scripted","163","20361081","20361081","500","6.5200","32","8c368f91e556e75a90356dbf3f9ffa47990c6f4a",""
"scripted","164","20361082","20361082","500","-0.4200","14","8c368f91e556e75a90356dbf3f9ffa47990c6f4a",""
"scripted","165","20361083","20361083","500","6.6200","39","8c368f91e556e75a90356dbf3f9ffa47990c6f4a",""
"scripted","166","20361084","20361084","500","6.6000","31","8c368f91e556e75a90356dbf3f9ffa47990c6f4a",""
"scripted","167","20361085","20361085","500","6.4800","20","8c368f91e556e75a90356dbf3f9ffa47990c6f4a",""
"scripted","168","20361086","20361086","500","0.6800","41","8c368f91e556e75a90356dbf3f9ffa47990c6f4a",""
"scripted","169","20361087","20361087","500","6.7200","28","8c368f91e556e75a90356dbf3f9ffa47990c6f4a",""
"scripted","170","20361088","20361088","500","6.7000","29","8c368f91e556e75a90356dbf3f9ffa47990c6f4a",""
"scripted","171","20361089","20361089","500","6.9200","39","8c368f91e556e75a90356dbf3f9ffa47990c6f4a",""
"scripted","172","20361090","20361090","500","7.0800","52","8c368f91e556e75a90356dbf3f9ffa47990c6f4a",""
"scripted","173","20361091","20361091","500","6.4800","18","8c368f91e556e75a90356dbf3f9ffa47990c6f4a",""
"scripted","174","20361092","20361092","500","0.4600","63","8c368f91e556e75a90356dbf3f9ffa47990c6f4a",""
"scripted","175","20361093","20361093","500","6.8200","44","8c368f91e556e75a90356dbf3f9ffa47990c6f4a",""
"scripted","176","20361094","20361094","500","0.4600","30","8c368f91e556e75a90356dbf3f9ffa47990c6f4a",""
"scripted","177","20361095","20361095","500","6.5000","19","8c368f91e556e75a90356dbf3f9ffa47990c6f4a",""
"scripted","178","20361096","20361096","500","6.5000","25","8c368f91e556e75a90356dbf3f9ffa47990c6f4a",""
"scripted","179","20361097","20361097","500","6.8700","61","8c368f91e556e75a90356dbf3f9ffa47990c6f4a",""
"scripted","180","20361098","20361098","500","6.7400","41","8c368f91e556e75a90356dbf3f9ffa47990c6f4a",""
"scripted","181","20361099","20361099","500","6.6800","29","8c368f91e556e75a90356dbf3f9ffa47990c6f4a",""
"scripted","182","20361100","20361100","500","0.3600","18","8c368f91e556e75a90356dbf3f9ffa47990c6f4a",""
"scripted","183","20361101","20361101","500","0.5000","23","8c368f91e556e75a90356dbf3f9ffa47990c6f4a",""
"scripted","184","20361102","20361102","500","7.1600","53","8c368f91e556e75a90356dbf3f9ffa47990c6f4a",""
"scripted","185","20361103","20361103","500","0.3600","16","8c368f91e556e75a90356dbf3f9ffa47990c6f4a",""
"scripted","186","20361104","20361104","500","0.3500","33","8c368f91e556e75a90356dbf3f9ffa47990c6f4a",""
"scripted","187","20361105","20361105","500","7.2300","68","8c368f91e556e75a90356dbf3f9ffa47990c6f4a",""
"scripted","188","20361106","20361106","500","6.6600","35","8c368f91e556e75a90356dbf3f9ffa47990c6f4a",""
"scripted","189","20361107","20361107","500","6.5400","21","8c368f91e556e75a90356dbf3f9ffa47990c6f4a",""
"scripted","190","20361108","20361108","500","6.6800","31","8c368f91e556e75a90356dbf3f9ffa47990c6f4a",""
"scripted","191","20361109","20361109","500","0.3500","23","8c368f91e556e75a90356dbf3f9ffa47990c6f4a",""
"scripted","192","20361110","20361110","500","0.0900","17","8c368f91e556e75a90356dbf3f9ffa47990c6f4a",""
"scripted","193","20361111","20361111","500","6.4200","18","8c368f91e556e75a90356dbf3f9ffa47990c6f4a",""
"scripted","194","20361112","20361112","500","7.0000","49","8c368f91e556e75a90356dbf3f9ffa47990c6f4a",""
"scripted","195","20361113","20361113","500","6.5600","23","8c368f91e556e75a90356dbf3f9ffa47990c6f4a",""
"scripted","196","20361114","20361114","500","6.7200","33","8c368f91e556e75a90356dbf3f9ffa47990c6f4a",""
"scripted","197","20361115","20361115","500","6.6400","25","8c368f91e556e75a90356dbf3f9ffa47990c6f4a",""
"scripted","198","20361116","20361116","500","6.7000","32","8c368f91e556e75a90356dbf3f9ffa47990c6f4a",""
"scripted","199","20361117","20361117","500","0.5500","28","8c368f91e556e75a90356dbf3f9ffa47990c6f4a",""
"heuristic","0","20360918","20360918","500","6.4200","16","8c368f91e556e75a90356dbf3f9ffa47990c6f4a",""
"heuristic","1","20360919","20360919","500","6.7400","36","8c368f91e556e75a90356dbf3f9ffa47990c6f4a",""
"heuristic","2","20360920","20360920","500","6.8000","34","8c368f91e556e75a90356dbf3f9ffa47990c6f4a",""
"heuristic","3","20360921","20360921","500","6.4600","22","8c368f91e556e75a90356dbf3f9ffa47990c6f4a",""
"heuristic","4","20360922","20360922","500","6.8200","36","8c368f91e556e75a90356dbf3f9ffa47990c6f4a",""
"heuristic","5","20360923","20360923","500","6.4800","21","8c368f91e556e75a90356dbf3f9ffa47990c6f4a",""
"heuristic","6","20360924","20360924","500","6.5200","20","8c368f91e556e75a90356dbf3f9ffa47990c6f4a",""
"heuristic","7","20360925","20360925","500","6.7800","34","8c368f91e556e75a90356dbf3f9ffa47990c6f4a",""
"heuristic","8","20360926","20360926","500","0.2400","21","8c368f91e556e75a90356dbf3f9ffa47990c6f4a",""
"heuristic","9","20360927","20360927","500","6.5200","23","8c368f91e556e75a90356dbf3f9ffa47990c6f4a",""
"heuristic","10","20360928","20360928","500","6.7000","27","8c368f91e556e75a90356dbf3f9ffa47990c6f4a",""
"heuristic","11","20360929","20360929","500","6.4600","19","8c368f91e556e75a90356dbf3f9ffa47990c6f4a",""
"heuristic","12","20360930","20360930","500","7.3200","58","8c368f91e556e75a90356dbf3f9ffa47990c6f4a",""
"heuristic","13","20360931","20360931","500","6.5400","20","8c368f91e556e75a90356dbf3f9ffa47990c6f4a",""
"heuristic","14","20360932","20360932","500","0.1100","23","8c368f91e556e75a90356dbf3f9ffa47990c6f4a",""
"heuristic","15","20360933","20360933","500","6.4400","20","8c368f91e556e75a90356dbf3f9ffa47990c6f4a",""
"heuristic","16","20360934","20360934","500","6.6600","100","8c368f91e556e75a90356dbf3f9ffa47990c6f4a",""
"heuristic","17","20360935","20360935","500","0.5800","33","8c368f91e556e75a90356dbf3f9ffa47990c6f4a",""
"heuristic","18","20360936","20360936","500","6.5400","26","8c368f91e556e75a90356dbf3f9ffa47990c6f4a",""
"heuristic","19","20360937","20360937","500","0.1500","19","8c368f91e556e75a90356dbf3f9ffa47990c6f4a",""
"heuristic","20","20360938","20360938","500","6.5800","24","8c368f91e556e75a90356dbf3f9ffa47990c6f4a",""
"heuristic","21","20360939","20360939","500","0.2400","32","8c368f91e556e75a90356dbf3f9ffa47990c6f4a",""
"heuristic","22","20360940","20360940","500","6.5000","33","8c368f91e556e75a90356dbf3f9ffa47990c6f4a",""
"heuristic","23","20360941","20360941","500","6.9100","57","8c368f91e556e75a90356dbf3f9ffa47990c6f4a",""
"heuristic","24","20360942","20360942","500","6.7600","39","8c368f91e556e75a90356dbf3f9ffa47990c6f4a",""
"heuristic","25","20360943","20360943","500","6.5200","23","8c368f91e556e75a90356dbf3f9ffa47990c6f4a",""
"heuristic","26","20360944","20360944","500","6.4800","24","8c368f91e556e75a90356dbf3f9ffa47990c6f4a",""
"heuristic","27","20360945","20360945","500","7.0600","49","8c368f91e556e75a90356dbf3f9ffa47990c6f4a",""
"heuristic","28","20360946","20360946","500","6.8600","39","8c368f91e556e75a90356dbf3f9ffa47990c6f4a",""
"heuristic","29","20360947","20360947","500","6.4400","27","8c368f91e556e75a90356dbf3f9ffa47990c6f4a",""
"heuristic","30","20360948","20360948","500","0.3400","18","8c368f91e556e75a90356dbf3f9ffa47990c6f4a",""
"heuristic","31","20360949","20360949","500","-0.6500","17","8c368f91e556e75a90356dbf3f9ffa47990c6f4a",""
"heuristic","32","20360950","20360950","500","6.4600","19","8c368f91e556e75a90356dbf3f9ffa47990c6f4a",""
"heuristic","33","20360951","20360951","500","6.6200","27","8c368f91e556e75a90356dbf3f9ffa47990c6f4a",""
"heuristic","34","20360952","20360952","500","6.6200","35","8c368f91e556e75a90356dbf3f9ffa47990c6f4a",""
"heuristic","35","20360953","20360953","500","0.4700","33","8c368f91e556e75a90356dbf3f9ffa47990c6f4a",""
"heuristic","36","20360954","20360954","500","6.9800","46","8c368f91e556e75a90356dbf3f9ffa47990c6f4a",""
"heuristic","37","20360955","20360955","500","6.5900","32","8c368f91e556e75a90356dbf3f9ffa47990c6f4a",""
"heuristic","38","20360956","20360956","500","0.3700","19","8c368f91e556e75a90356dbf3f9ffa47990c6f4a",""
"heuristic","39","20360957","20360957","500","7.2800","66","8c368f91e556e75a90356dbf3f9ffa47990c6f4a",""
"heuristic","40","20360958","20360958","500","6.6800","33","8c368f91e556e75a90356dbf3f9ffa47990c6f4a",""
"heuristic","41","20360959","20360959","500","0.1300","19","8c368f91e556e75a90356dbf3f9ffa47990c6f4a",""
"heuristic","42","20360960","20360960","500","6.7000","31","8c368f91e556e75a90356dbf3f9ffa47990c6f4a",""
"heuristic","43","20360961","20360961","500","0.3900","19","8c368f91e556e75a90356dbf3f9ffa47990c6f4a",""
"heuristic","44","20360962","20360962","500","6.8200","34","8c368f91e556e75a90356dbf3f9ffa47990c6f4a",""
"heuristic","45","20360963","20360963","500","6.4400","17","8c368f91e556e75a90356dbf3f9ffa47990c6f4a",""
"heuristic","46","20360964","20360964","500","6.5600","22","8c368f91e556e75a90356dbf3f9ffa47990c6f4a",""
"heuristic","47","20360965","20360965","500","7.0200","44","8c368f91e556e75a90356dbf3f9ffa47990c6f4a",""
"heuristic","48","20360966","20360966","500","7.3200","98","8c368f91e556e75a90356dbf3f9ffa47990c6f4a",""
"heuristic","49","20360967","20360967","500","6.9800","44","8c368f91e556e75a90356dbf3f9ffa47990c6f4a",""
"heuristic","50","20360968","20360968","500","6.6800","36","8c368f91e556e75a90356dbf3f9ffa47990c6f4a",""
"heuristic","51","20360969","20360969","500","6.4400","32","8c368f91e556e75a90356dbf3f9ffa47990c6f4a",""
"heuristic","52","20360970","20360970","500","0.2400","24","8c368f91e556e75a90356dbf3f9ffa47990c6f4a",""
"heuristic","53","20360971","20360971","500","6.6200","33","8c368f91e556e75a90356dbf3f9ffa47990c6f4a",""
"heuristic","54","20360972","20360972","500","6.9600","47","8c368f91e556e75a90356dbf3f9ffa47990c6f4a",""
"heuristic","55","20360973","20360973","500","0.1300","19","8c368f91e556e75a90356dbf3f9ffa47990c6f4a",""
"heuristic","56","20360974","20360974","500","0.4100","29","8c368f91e556e75a90356dbf3f9ffa47990c6f4a",""
"heuristic","57","20360975","20360975","500","6.5600","24","8c368f91e556e75a90356dbf3f9ffa47990c6f4a",""
"heuristic","58","20360976","20360976","500","0.3700","27","8c368f91e556e75a90356dbf3f9ffa47990c6f4a",""
"heuristic","59","20360977","20360977","500","6.7600","33","8c368f91e556e75a90356dbf3f9ffa47990c6f4a",""
"heuristic","60","20360978","20360978","500","0.2100","30","8c368f91e556e75a90356dbf3f9ffa47990c6f4a",""
"heuristic","61","20360979","20360979","500","-0.4100","13","8c368f91e556e75a90356dbf3f9ffa47990c6f4a",""
"heuristic","62","20360980","20360980","500","6.9400","42","8c368f91e556e75a90356dbf3f9ffa47990c6f4a",""
"heuristic","63","20360981","20360981","500","6.6800","35","8c368f91e556e75a90356dbf3f9ffa47990c6f4a",""
"heuristic","64","20360982","20360982","500","1.0400","52","8c368f91e556e75a90356dbf3f9ffa47990c6f4a",""
"heuristic","65","20360983","20360983","500","6.5000","21","8c368f91e556e75a90356dbf3f9ffa47990c6f4a",""
"heuristic","66","20360984","20360984","500","6.8000","34","8c368f91e556e75a90356dbf3f9ffa47990c6f4a",""
"heuristic","67","20360985","20360985","500","6.5200","19","8c368f91e556e75a90356dbf3f9ffa47990c6f4a",""
"heuristic","68","20360986","20360986","500","6.4800","21","8c368f91e556e75a90356dbf3f9ffa47990c6f4a",""
"heuristic","69","20360987","20360987","500","0.1600","20","8c368f91e556e75a90356dbf3f9ffa47990c6f4a",""
"heuristic","70","20360988","20360988","500","6.5200","21","8c368f91e556e75a90356dbf3f9ffa47990c6f4a",""
"heuristic","71","20360989","20360989","500","6.5200","19","8c368f91e556e75a90356dbf3f9ffa47990c6f4a",""
"heuristic","72","20360990","20360990","500","7.0000","43","8c368f91e556e75a90356dbf3f9ffa47990c6f4a",""
"heuristic","73","20360991","20360991","500","6.5400","29","8c368f91e556e75a90356dbf3f9ffa47990c6f4a",""
"heuristic","74","20360992","20360992","500","6.7000","31","8c368f91e556e75a90356dbf3f9ffa47990c6f4a",""
"heuristic","75","20360993","20360993","500","1.2000","54","8c368f91e556e75a90356dbf3f9ffa47990c6f4a",""
"heuristic","76","20360994","20360994","500","6.5000","21","8c368f91e556e75a90356dbf3f9ffa47990c6f4a",""
"heuristic","77","20360995","20360995","500","6.4600","18","8c368f91e556e75a90356dbf3f9ffa47990c6f4a",""
"heuristic","78","20360996","20360996","500","6.5400","26","8c368f91e556e75a90356dbf3f9ffa47990c6f4a",""
"heuristic","79","20360997","20360997","500","6.5200","18","8c368f91e556e75a90356dbf3f9ffa47990c6f4a",""
"heuristic","80","20360998","20360998","500","6.9600","49","8c368f91e556e75a90356dbf3f9ffa47990c6f4a",""
"heuristic","81","20360999","20360999","500","6.6600","32","8c368f91e556e75a90356dbf3f9ffa47990c6f4a",""
"heuristic","82","20361000","20361000","500","0.9400","51","8c368f91e556e75a90356dbf3f9ffa47990c6f4a",""
"heuristic","83","20361001","20361001","500","6.6700","31","8c368f91e556e75a90356dbf3f9ffa47990c6f4a",""
"heuristic","84","20361002","20361002","500","6.8400","57","8c368f91e556e75a90356dbf3f9ffa47990c6f4a",""
"heuristic","85","20361003","20361003","500","6.7800","38","8c368f91e556e75a90356dbf3f9ffa47990c6f4a",""
"heuristic","86","20361004","20361004","500","7.0200","43","8c368f91e556e75a90356dbf3f9ffa47990c6f4a",""
"heuristic","87","20361005","20361005","500","6.7000","32","8c368f91e556e75a90356dbf3f9ffa47990c6f4a",""
"heuristic","88","20361006","20361006","500","7.1600","51","8c368f91e556e75a90356dbf3f9ffa47990c6f4a",""
"heuristic","89","20361007","20361007","500","6.8600","42","8c368f91e556e75a90356dbf3f9ffa47990c6f4a",""
"heuristic","90","20361008","20361008","500","6.4100","27","8c368f91e556e75a90356dbf3f9ffa47990c6f4a",""
"heuristic","91","20361009","20361009","500","7.0600","50","8c368f91e556e75a90356dbf3f9ffa47990c6f4a",""
"heuristic","92","20361010","20361010","500","6.6400","26","8c368f91e556e75a90356dbf3f9ffa47990c6f4a",""
"heuristic","93","20361011","20361011","500","6.6800","44","8c368f91e556e75a90356dbf3f9ffa47990c6f4a",""
"heuristic","94","20361012","20361012","500","6.5800","24","8c368f91e556e75a90356dbf3f9ffa47990c6f4a",""
"heuristic","95","20361013","20361013","500","6.6000","23","8c368f91e556e75a90356dbf3f9ffa47990c6f4a",""
"heuristic","96","20361014","20361014","500","6.7800","34","8c368f91e556e75a90356dbf3f9ffa47990c6f4a",""
"heuristic","97","20361015","20361015","500","0.3500","37","8c368f91e556e75a90356dbf3f9ffa47990c6f4a",""
"heuristic","98","20361016","20361016","500","6.8600","46","8c368f91e556e75a90356dbf3f9ffa47990c6f4a",""
"heuristic","99","20361017","20361017","500","6.6400","33","8c368f91e556e75a90356dbf3f9ffa47990c6f4a",""
"heuristic","100","20361018","20361018","500","6.8800","40","8c368f91e556e75a90356dbf3f9ffa47990c6f4a",""
"heuristic","101","20361019","20361019","500","6.5000","24","8c368f91e556e75a90356dbf3f9ffa47990c6f4a",""
"heuristic","102","20361020","20361020","500","6.9000","39","8c368f91e556e75a90356dbf3f9ffa47990c6f4a",""
"heuristic","103","20361021","20361021","500","6.5300","24","8c368f91e556e75a90356dbf3f9ffa47990c6f4a",""
"heuristic","104","20361022","20361022","500","6.8200","38","8c368f91e556e75a90356dbf3f9ffa47990c6f4a",""
"heuristic","105","20361023","20361023","500","-0.4600","24","8c368f91e556e75a90356dbf3f9ffa47990c6f4a",""
"heuristic","106","20361024","20361024","500","6.6600","26","8c368f91e556e75a90356dbf3f9ffa47990c6f4a",""
"heuristic","107","20361025","20361025","500","0.1700","29","8c368f91e556e75a90356dbf3f9ffa47990c6f4a",""
"heuristic","108","20361026","20361026","500","6.5500","27","8c368f91e556e75a90356dbf3f9ffa47990c6f4a",""
"heuristic","109","20361027","20361027","500","6.4600","29","8c368f91e556e75a90356dbf3f9ffa47990c6f4a",""
"heuristic","110","20361028","20361028","500","7.0600","46","8c368f91e556e75a90356dbf3f9ffa47990c6f4a",""
"heuristic","111","20361029","20361029","500","6.5700","23","8c368f91e556e75a90356dbf3f9ffa47990c6f4a",""
"heuristic","112","20361030","20361030","500","6.7800","41","8c368f91e556e75a90356dbf3f9ffa47990c6f4a",""
"heuristic","113","20361031","20361031","500","6.4600","21","8c368f91e556e75a90356dbf3f9ffa47990c6f4a",""
"heuristic","114","20361032","20361032","500","6.9600","41","8c368f91e556e75a90356dbf3f9ffa47990c6f4a",""
"heuristic","115","20361033","20361033","500","0.1000","14","8c368f91e556e75a90356dbf3f9ffa47990c6f4a",""
"heuristic","116","20361034","20361034","500","6.8600","36","8c368f91e556e75a90356dbf3f9ffa47990c6f4a",""
"heuristic","117","20361035","20361035","500","6.5200","25","8c368f91e556e75a90356dbf3f9ffa47990c6f4a",""
"heuristic","118","20361036","20361036","500","6.5400","23","8c368f91e556e75a90356dbf3f9ffa47990c6f4a",""
"heuristic","119","20361037","20361037","500","6.9300","46","8c368f91e556e75a90356dbf3f9ffa47990c6f4a",""
"heuristic","120","20361038","20361038","500","6.4200","14","8c368f91e556e75a90356dbf3f9ffa47990c6f4a",""
"heuristic","121","20361039","20361039","500","6.5000","21","8c368f91e556e75a90356dbf3f9ffa47990c6f4a",""
"heuristic","122","20361040","20361040","500","6.5200","22","8c368f91e556e75a90356dbf3f9ffa47990c6f4a",""
"heuristic","123","20361041","20361041","500","7.0600","45","8c368f91e556e75a90356dbf3f9ffa47990c6f4a",""
"heuristic","124","20361042","20361042","500","6.8800","37","8c368f91e556e75a90356dbf3f9ffa47990c6f4a",""
"heuristic","125","20361043","20361043","500","7.1400","99","8c368f91e556e75a90356dbf3f9ffa47990c6f4a",""
"heuristic","126","20361044","20361044","500","6.5200","18","8c368f91e556e75a90356dbf3f9ffa47990c6f4a",""
"heuristic","127","20361045","20361045","500","6.6800","29","8c368f91e556e75a90356dbf3f9ffa47990c6f4a",""
"heuristic","128","20361046","20361046","500","6.9800","46","8c368f91e556e75a90356dbf3f9ffa47990c6f4a",""
"heuristic","129","20361047","20361047","500","6.5200","19","8c368f91e556e75a90356dbf3f9ffa47990c6f4a",""
"heuristic","130","20361048","20361048","500","6.7400","41","8c368f91e556e75a90356dbf3f9ffa47990c6f4a",""
"heuristic","131","20361049","20361049","500","6.5000","18","8c368f91e556e75a90356dbf3f9ffa47990c6f4a",""
"heuristic","132","20361050","20361050","500","6.4200","29","8c368f91e556e75a90356dbf3f9ffa47990c6f4a",""
"heuristic","133","20361051","20361051","500","6.9600","47","8c368f91e556e75a90356dbf3f9ffa47990c6f4a",""
"heuristic","134","20361052","20361052","500","0.5400","26","8c368f91e556e75a90356dbf3f9ffa47990c6f4a",""
"heuristic","135","20361053","20361053","500","6.8200","38","8c368f91e556e75a90356dbf3f9ffa47990c6f4a",""
"heuristic","136","20361054","20361054","500","6.6800","28","8c368f91e556e75a90356dbf3f9ffa47990c6f4a",""
"heuristic","137","20361055","20361055","500","0.5200","25","8c368f91e556e75a90356dbf3f9ffa47990c6f4a",""
"heuristic","138","20361056","20361056","500","6.5800","39","8c368f91e556e75a90356dbf3f9ffa47990c6f4a",""
"heuristic","139","20361057","20361057","500","6.8800","38","8c368f91e556e75a90356dbf3f9ffa47990c6f4a",""
"heuristic","140","20361058","20361058","500","6.7200","29","8c368f91e556e75a90356dbf3f9ffa47990c6f4a",""
"heuristic","141","20361059","20361059","500","6.4400","18","8c368f91e556e75a90356dbf3f9ffa47990c6f4a",""
"heuristic","142","20361060","20361060","500","6.5600","20","8c368f91e556e75a90356dbf3f9ffa47990c6f4a",""
"heuristic","143","20361061","20361061","500","0.0500","17","8c368f91e556e75a90356dbf3f9ffa47990c6f4a",""
"heuristic","144","20361062","20361062","500","6.6400","29","8c368f91e556e75a90356dbf3f9ffa47990c6f4a",""
"heuristic","145","20361063","20361063","500","6.9800","41","8c368f91e556e75a90356dbf3f9ffa47990c6f4a",""
"heuristic","146","20361064","20361064","500","6.6100","28","8c368f91e556e75a90356dbf3f9ffa47990c6f4a",""
"heuristic","147","20361065","20361065","500","6.9200","43","8c368f91e556e75a90356dbf3f9ffa47990c6f4a",""
"heuristic","148","20361066","20361066","500","6.7200","30","8c368f91e556e75a90356dbf3f9ffa47990c6f4a",""
"heuristic","149","20361067","20361067","500","6.5900","27","8c368f91e556e75a90356dbf3f9ffa47990c6f4a",""
"heuristic","150","20361068","20361068","500","6.8800","42","8c368f91e556e75a90356dbf3f9ffa47990c6f4a",""
"heuristic","151","20361069","20361069","500","6.6000","29","8c368f91e556e75a90356dbf3f9ffa47990c6f4a",""
"heuristic","152","20361070","20361070","500","6.5900","25","8c368f91e556e75a90356dbf3f9ffa47990c6f4a",""
"heuristic","153","20361071","20361071","500","6.7200","37","8c368f91e556e75a90356dbf3f9ffa47990c6f4a",""
"heuristic","154","20361072","20361072","500","6.8000","35","8c368f91e556e75a90356dbf3f9ffa47990c6f4a",""
"heuristic","155","20361073","20361073","500","-0.5800","44","8c368f91e556e75a90356dbf3f9ffa47990c6f4a",""
"heuristic","156","20361074","20361074","500","6.6000","24","8c368f91e556e75a90356dbf3f9ffa47990c6f4a",""
"heuristic","157","20361075","20361075","500","6.4400","27","8c368f91e556e75a90356dbf3f9ffa47990c6f4a",""
"heuristic","158","20361076","20361076","500","6.4400","23","8c368f91e556e75a90356dbf3f9ffa47990c6f4a",""
"heuristic","159","20361077","20361077","500","6.6000","23","8c368f91e556e75a90356dbf3f9ffa47990c6f4a",""
"heuristic","160","20361078","20361078","500","-0.4300","15","8c368f91e556e75a90356dbf3f9ffa47990c6f4a",""
"heuristic","161","20361079","20361079","500","6.5600","23","8c368f91e556e75a90356dbf3f9ffa47990c6f4a",""
"heuristic","162","20361080","20361080","500","6.9400","42","8c368f91e556e75a90356dbf3f9ffa47990c6f4a",""
"heuristic","163","20361081","20361081","500","6.5200","32","8c368f91e556e75a90356dbf3f9ffa47990c6f4a",""
"heuristic","164","20361082","20361082","500","-0.4200","14","8c368f91e556e75a90356dbf3f9ffa47990c6f4a",""
"heuristic","165","20361083","20361083","500","6.6200","39","8c368f91e556e75a90356dbf3f9ffa47990c6f4a",""
"heuristic","166","20361084","20361084","500","6.6000","31","8c368f91e556e75a90356dbf3f9ffa47990c6f4a",""
"heuristic","167","20361085","20361085","500","6.4800","20","8c368f91e556e75a90356dbf3f9ffa47990c6f4a",""
"heuristic","168","20361086","20361086","500","0.6800","41","8c368f91e556e75a90356dbf3f9ffa47990c6f4a",""
"heuristic","169","20361087","20361087","500","6.7200","28","8c368f91e556e75a90356dbf3f9ffa47990c6f4a",""
"heuristic","170","20361088","20361088","500","6.7000","29","8c368f91e556e75a90356dbf3f9ffa47990c6f4a",""
"heuristic","171","20361089","20361089","500","6.9200","39","8c368f91e556e75a90356dbf3f9ffa47990c6f4a",""
"heuristic","172","20361090","20361090","500","7.0800","52","8c368f91e556e75a90356dbf3f9ffa47990c6f4a",""
"heuristic","173","20361091","20361091","500","6.4800","18","8c368f91e556e75a90356dbf3f9ffa47990c6f4a",""
"heuristic","174","20361092","20361092","500","0.4600","63","8c368f91e556e75a90356dbf3f9ffa47990c6f4a",""
"heuristic","175","20361093","20361093","500","6.8200","44","8c368f91e556e75a90356dbf3f9ffa47990c6f4a",""
"heuristic","176","20361094","20361094","500","0.4600","30","8c368f91e556e75a90356dbf3f9ffa47990c6f4a",""
"heuristic","177","20361095","20361095","500","6.5000","19","8c368f91e556e75a90356dbf3f9ffa47990c6f4a",""
"heuristic","178","20361096","20361096","500","6.5000","25","8c368f91e556e75a90356dbf3f9ffa47990c6f4a",""
"heuristic","179","20361097","20361097","500","6.8700","61","8c368f91e556e75a90356dbf3f9ffa47990c6f4a",""
"heuristic","180","20361098","20361098","500","6.7400","41","8c368f91e556e75a90356dbf3f9ffa47990c6f4a",""
"heuristic","181","20361099","20361099","500","6.6800","29","8c368f91e556e75a90356dbf3f9ffa47990c6f4a",""
"heuristic","182","20361100","20361100","500","0.3600","18","8c368f91e556e75a90356dbf3f9ffa47990c6f4a",""
"heuristic","183","20361101","20361101","500","0.5000","23","8c368f91e556e75a90356dbf3f9ffa47990c6f4a",""
"heuristic","184","20361102","20361102","500","7.1600","53","8c368f91e556e75a90356dbf3f9ffa47990c6f4a",""
"heuristic","185","20361103","20361103","500","0.3600","16","8c368f91e556e75a90356dbf3f9ffa47990c6f4a",""
"heuristic","186","20361104","20361104","500","0.3500","33","8c368f91e556e75a90356dbf3f9ffa47990c6f4a",""
"heuristic","187","20361105","20361105","500","7.2300","68","8c368f91e556e75a90356dbf3f9ffa47990c6f4a",""
"heuristic","188","20361106","20361106","500","6.6600","35","8c368f91e556e75a90356dbf3f9ffa47990c6f4a",""
"heuristic","189","20361107","20361107","500","6.5400","21","8c368f91e556e75a90356dbf3f9ffa47990c6f4a",""
"heuristic","190","20361108","20361108","500","6.6800","31","8c368f91e556e75a90356dbf3f9ffa47990c6f4a",""
"heuristic","191","20361109","20361109","500","0.3500","23","8c368f91e556e75a90356dbf3f9ffa47990c6f4a",""
"heuristic","192","20361110","20361110","500","0.0900","17","8c368f91e556e75a90356dbf3f9ffa47990c6f4a",""
"heuristic","193","20361111","20361111","500","6.4200","18","8c368f91e556e75a90356dbf3f9ffa47990c6f4a",""
"heuristic","194","20361112","20361112","500","7.0000","49","8c368f91e556e75a90356dbf3f9ffa47990c6f4a",""
"heuristic","195","20361113","20361113","500","6.5600","23","8c368f91e556e75a90356dbf3f9ffa47990c6f4a",""
"heuristic","196","20361114","20361114","500","6.7200","33","8c368f91e556e75a90356dbf3f9ffa47990c6f4a",""
"heuristic","197","20361115","20361115","500","6.6400","25","8c368f91e556e75a90356dbf3f9ffa47990c6f4a",""
"heuristic","198","20361116","20361116","500","6.7000","32","8c368f91e556e75a90356dbf3f9ffa47990c6f4a",""
"heuristic","199","20361117","20361117","500","0.5500","28","8c368f91e556e75a90356dbf3f9ffa47990c6f4a",""
"greedy","0","20360918","20360918","500","-0.7000","3","8c368f91e556e75a90356dbf3f9ffa47990c6f4a",""
"greedy","1","20360919","20360919","500","-0.8000","2","8c368f91e556e75a90356dbf3f9ffa47990c6f4a",""
"greedy","2","20360920","20360920","500","-0.8000","2","8c368f91e556e75a90356dbf3f9ffa47990c6f4a",""
"greedy","3","20360921","20360921","500","-0.1000","7","8c368f91e556e75a90356dbf3f9ffa47990c6f4a",""
"greedy","4","20360922","20360922","500","-0.8000","2","8c368f91e556e75a90356dbf3f9ffa47990c6f4a",""
"greedy","5","20360923","20360923","500","-0.9000","1","8c368f91e556e75a90356dbf3f9ffa47990c6f4a",""
"greedy","6","20360924","20360924","500","-0.1000","7","8c368f91e556e75a90356dbf3f9ffa47990c6f4a",""
"greedy","7","20360925","20360925","500","-0.9000","1","8c368f91e556e75a90356dbf3f9ffa47990c6f4a",""
"greedy","8","20360926","20360926","500","-0.9000","1","8c368f91e556e75a90356dbf3f9ffa47990c6f4a",""
"greedy","9","20360927","20360927","500","-0.8000","2","8c368f91e556e75a90356dbf3f9ffa47990c6f4a",""
"greedy","10","20360928","20360928","500","0.0200","8","8c368f91e556e75a90356dbf3f9ffa47990c6f4a",""
"greedy","11","20360929","20360929","500","-0.8000","2","8c368f91e556e75a90356dbf3f9ffa47990c6f4a",""
"greedy","12","20360930","20360930","500","0.0200","8","8c368f91e556e75a90356dbf3f9ffa47990c6f4a",""
"greedy","13","20360931","20360931","500","-0.6000","4","8c368f91e556e75a90356dbf3f9ffa47990c6f4a",""
"greedy","14","20360932","20360932","500","-0.8000","2","8c368f91e556e75a90356dbf3f9ffa47990c6f4a",""
"greedy","15","20360933","20360933","500","-0.7000","3","8c368f91e556e75a90356dbf3f9ffa47990c6f4a",""
"greedy","16","20360934","20360934","500","-0.9000","1","8c368f91e556e75a90356dbf3f9ffa47990c6f4a",""
"greedy","17","20360935","20360935","500","-0.8000","2","8c368f91e556e75a90356dbf3f9ffa47990c6f4a",""
"greedy","18","20360936","20360936","500","-0.9000","1","8c368f91e556e75a90356dbf3f9ffa47990c6f4a",""
"greedy","19","20360937","20360937","500","-0.7000","3","8c368f91e556e75a90356dbf3f9ffa47990c6f4a",""
"greedy","20","20360938","20360938","500","-0.9000","1","8c368f91e556e75a90356dbf3f9ffa47990c6f4a",""
"greedy","21","20360939","20360939","500","-0.9000","1","8c368f91e556e75a90356dbf3f9ffa47990c6f4a",""
"greedy","22","20360940","20360940","500","-0.7000","3","8c368f91e556e75a90356dbf3f9ffa47990c6f4a",""
"greedy","23","20360941","20360941","500","-0.5000","5","8c368f91e556e75a90356dbf3f9ffa47990c6f4a",""
"greedy","24","20360942","20360942","500","-0.5000","5","8c368f91e556e75a90356dbf3f9ffa47990c6f4a",""
"greedy","25","20360943","20360943","500","-0.9000","1","8c368f91e556e75a90356dbf3f9ffa47990c6f4a",""
"greedy","26","20360944","20360944","500","-0.8000","2","8c368f91e556e75a90356dbf3f9ffa47990c6f4a",""
"greedy","27","20360945","20360945","500","-0.8000","2","8c368f91e556e75a90356dbf3f9ffa47990c6f4a",""
"greedy","28","20360946","20360946","500","-0.7000","3","8c368f91e556e75a90356dbf3f9ffa47990c6f4a",""
"greedy","29","20360947","20360947","500","-0.8000","2","8c368f91e556e75a90356dbf3f9ffa47990c6f4a",""
"greedy","30","20360948","20360948","500","-0.8000","2","8c368f91e556e75a90356dbf3f9ffa47990c6f4a",""
"greedy","31","20360949","20360949","500","-0.9000","1","8c368f91e556e75a90356dbf3f9ffa47990c6f4a",""
"greedy","32","20360950","20360950","500","-0.8000","2","8c368f91e556e75a90356dbf3f9ffa47990c6f4a",""
"greedy","33","20360951","20360951","500","-0.8000","2","8c368f91e556e75a90356dbf3f9ffa47990c6f4a",""
"greedy","34","20360952","20360952","500","-0.9000","1","8c368f91e556e75a90356dbf3f9ffa47990c6f4a",""
"greedy","35","20360953","20360953","500","-0.7000","3","8c368f91e556e75a90356dbf3f9ffa47990c6f4a",""
"greedy","36","20360954","20360954","500","-0.8000","2","8c368f91e556e75a90356dbf3f9ffa47990c6f4a",""
"greedy","37","20360955","20360955","500","-0.8000","2","8c368f91e556e75a90356dbf3f9ffa47990c6f4a",""
"greedy","38","20360956","20360956","500","-0.7000","3","8c368f91e556e75a90356dbf3f9ffa47990c6f4a",""
"greedy","39","20360957","20360957","500","-0.1000","7","8c368f91e556e75a90356dbf3f9ffa47990c6f4a",""
"greedy","40","20360958","20360958","500","-0.9000","1","8c368f91e556e75a90356dbf3f9ffa47990c6f4a",""
"greedy","41","20360959","20360959","500","-0.5000","5","8c368f91e556e75a90356dbf3f9ffa47990c6f4a",""
"greedy","42","20360960","20360960","500","-0.9000","1","8c368f91e556e75a90356dbf3f9ffa47990c6f4a",""
"greedy","43","20360961","20360961","500","-0.9000","1","8c368f91e556e75a90356dbf3f9ffa47990c6f4a",""
"greedy","44","20360962","20360962","500","-0.9000","1","8c368f91e556e75a90356dbf3f9ffa47990c6f4a",""
"greedy","45","20360963","20360963","500","-0.7000","3","8c368f91e556e75a90356dbf3f9ffa47990c6f4a",""
"greedy","46","20360964","20360964","500","-0.8000","2","8c368f91e556e75a90356dbf3f9ffa47990c6f4a",""
"greedy","47","20360965","20360965","500","-0.8000","2","8c368f91e556e75a90356dbf3f9ffa47990c6f4a",""
"greedy","48","20360966","20360966","500","-0.7000","3","8c368f91e556e75a90356dbf3f9ffa47990c6f4a",""
"greedy","49","20360967","20360967","500","-0.6000","4","8c368f91e556e75a90356dbf3f9ffa47990c6f4a",""
"greedy","50","20360968","20360968","500","-0.8000","2","8c368f91e556e75a90356dbf3f9ffa47990c6f4a",""
"greedy","51","20360969","20360969","500","-0.9000","1","8c368f91e556e75a90356dbf3f9ffa47990c6f4a",""
"greedy","52","20360970","20360970","500","-0.7000","3","8c368f91e556e75a90356dbf3f9ffa47990c6f4a",""
"greedy","53","20360971","20360971","500","-0.9000","1","8c368f91e556e75a90356dbf3f9ffa47990c6f4a",""
"greedy","54","20360972","20360972","500","-0.9000","1","8c368f91e556e75a90356dbf3f9ffa47990c6f4a",""
"greedy","55","20360973","20360973","500","-0.9000","1","8c368f91e556e75a90356dbf3f9ffa47990c6f4a",""
"greedy","56","20360974","20360974","500","-0.8000","2","8c368f91e556e75a90356dbf3f9ffa47990c6f4a",""
"greedy","57","20360975","20360975","500","-0.6000","4","8c368f91e556e75a90356dbf3f9ffa47990c6f4a",""
"greedy","58","20360976","20360976","500","-0.8000","2","8c368f91e556e75a90356dbf3f9ffa47990c6f4a",""
"greedy","59","20360977","20360977","500","-0.7000","3","8c368f91e556e75a90356dbf3f9ffa47990c6f4a",""
"greedy","60","20360978","20360978","500","-0.8000","2","8c368f91e556e75a90356dbf3f9ffa47990c6f4a",""
"greedy","61","20360979","20360979","500","-0.9000","1","8c368f91e556e75a90356dbf3f9ffa47990c6f4a",""
"greedy","62","20360980","20360980","500","-0.6000","4","8c368f91e556e75a90356dbf3f9ffa47990c6f4a",""
"greedy","63","20360981","20360981","500","-0.8000","2","8c368f91e556e75a90356dbf3f9ffa47990c6f4a",""
"greedy","64","20360982","20360982","500","-0.5000","5","8c368f91e556e75a90356dbf3f9ffa47990c6f4a",""
"greedy","65","20360983","20360983","500","-0.8000","2","8c368f91e556e75a90356dbf3f9ffa47990c6f4a",""
"greedy","66","20360984","20360984","500","-0.7000","3","8c368f91e556e75a90356dbf3f9ffa47990c6f4a",""
"greedy","67","20360985","20360985","500","-0.1000","7","8c368f91e556e75a90356dbf3f9ffa47990c6f4a",""
"greedy","68","20360986","20360986","500","-0.1000","7","8c368f91e556e75a90356dbf3f9ffa47990c6f4a",""
"greedy","69","20360987","20360987","500","-0.7000","3","8c368f91e556e75a90356dbf3f9ffa47990c6f4a",""
"greedy","70","20360988","20360988","500","-0.7000","3","8c368f91e556e75a90356dbf3f9ffa47990c6f4a",""
"greedy","71","20360989","20360989","500","-0.1000","7","8c368f91e556e75a90356dbf3f9ffa47990c6f4a",""
"greedy","72","20360990","20360990","500","-0.1000","7","8c368f91e556e75a90356dbf3f9ffa47990c6f4a",""
"greedy","73","20360991","20360991","500","-0.8000","2","8c368f91e556e75a90356dbf3f9ffa47990c6f4a",""
"greedy","74","20360992","20360992","500","-0.7000","3","8c368f91e556e75a90356dbf3f9ffa47990c6f4a",""
"greedy","75","20360993","20360993","500","-0.7000","3","8c368f91e556e75a90356dbf3f9ffa47990c6f4a",""
"greedy","76","20360994","20360994","500","-0.7000","3","8c368f91e556e75a90356dbf3f9ffa47990c6f4a",""
"greedy","77","20360995","20360995","500","-0.6000","4","8c368f91e556e75a90356dbf3f9ffa47990c6f4a",""
"greedy","78","20360996","20360996","500","-0.7000","3","8c368f91e556e75a90356dbf3f9ffa47990c6f4a",""
"greedy","79","20360997","20360997","500","0.0200","8","8c368f91e556e75a90356dbf3f9ffa47990c6f4a",""
"greedy","80","20360998","20360998","500","-0.6000","4","8c368f91e556e75a90356dbf3f9ffa47990c6f4a",""
"greedy","81","20360999","20360999","500","-0.9000","1","8c368f91e556e75a90356dbf3f9ffa47990c6f4a",""
"greedy","82","20361000","20361000","500","-0.9000","1","8c368f91e556e75a90356dbf3f9ffa47990c6f4a",""
"greedy","83","20361001","20361001","500","-0.7000","3","8c368f91e556e75a90356dbf3f9ffa47990c6f4a",""
"greedy","84","20361002","20361002","500","-0.9000","1","8c368f91e556e75a90356dbf3f9ffa47990c6f4a",""
"greedy","85","20361003","20361003","500","-0.5000","5","8c368f91e556e75a90356dbf3f9ffa47990c6f4a",""
"greedy","86","20361004","20361004","500","0.0200","8","8c368f91e556e75a90356dbf3f9ffa47990c6f4a",""
"greedy","87","20361005","20361005","500","-0.9000","1","8c368f91e556e75a90356dbf3f9ffa47990c6f4a",""
"greedy","88","20361006","20361006","500","-0.7000","3","8c368f91e556e75a90356dbf3f9ffa47990c6f4a",""
"greedy","89","20361007","20361007","500","-0.9000","1","8c368f91e556e75a90356dbf3f9ffa47990c6f4a",""
"greedy","90","20361008","20361008","500","-0.5000","5","8c368f91e556e75a90356dbf3f9ffa47990c6f4a",""
"greedy","91","20361009","20361009","500","-0.7000","3","8c368f91e556e75a90356dbf3f9ffa47990c6f4a",""
"greedy","92","20361010","20361010","500","-0.7000","3","8c368f91e556e75a90356dbf3f9ffa47990c6f4a",""
"greedy","93","20361011","20361011","500","-0.9000","1","8c368f91e556e75a90356dbf3f9ffa47990c6f4a",""
"greedy","94","20361012","20361012","500","-0.9000","1","8c368f91e556e75a90356dbf3f9ffa47990c6f4a",""
"greedy","95","20361013","20361013","500","-0.9000","1","8c368f91e556e75a90356dbf3f9ffa47990c6f4a",""
"greedy","96","20361014","20361014","500","-0.6000","4","8c368f91e556e75a90356dbf3f9ffa47990c6f4a",""
"greedy","97","20361015","20361015","500","-0.9000","1","8c368f91e556e75a90356dbf3f9ffa47990c6f4a",""
"greedy","98","20361016","20361016","500","-0.4000","6","8c368f91e556e75a90356dbf3f9ffa47990c6f4a",""
"greedy","99","20361017","20361017","500","-0.7000","3","8c368f91e556e75a90356dbf3f9ffa47990c6f4a",""
"greedy","100","20361018","20361018","500","-0.9000","1","8c368f91e556e75a90356dbf3f9ffa47990c6f4a",""
"greedy","101","20361019","20361019","500","-0.9000","1","8c368f91e556e75a90356dbf3f9ffa47990c6f4a",""
"greedy","102","20361020","20361020","500","-0.6000","4","8c368f91e556e75a90356dbf3f9ffa47990c6f4a",""
"greedy","103","20361021","20361021","500","-0.9000","1","8c368f91e556e75a90356dbf3f9ffa47990c6f4a",""
"greedy","104","20361022","20361022","500","-0.7000","3","8c368f91e556e75a90356dbf3f9ffa47990c6f4a",""
"greedy","105","20361023","20361023","500","-0.9000","1","8c368f91e556e75a90356dbf3f9ffa47990c6f4a",""
"greedy","106","20361024","20361024","500","-0.7000","3","8c368f91e556e75a90356dbf3f9ffa47990c6f4a",""
"greedy","107","20361025","20361025","500","-0.8000","2","8c368f91e556e75a90356dbf3f9ffa47990c6f4a",""
"greedy","108","20361026","20361026","500","-0.8000","2","8c368f91e556e75a90356dbf3f9ffa47990c6f4a",""
"greedy","109","20361027","20361027","500","-0.9000","1","8c368f91e556e75a90356dbf3f9ffa47990c6f4a",""
"greedy","110","20361028","20361028","500","-0.8000","2","8c368f91e556e75a90356dbf3f9ffa47990c6f4a",""
"greedy","111","20361029","20361029","500","-0.9000","1","8c368f91e556e75a90356dbf3f9ffa47990c6f4a",""
"greedy","112","20361030","20361030","500","-0.7000","3","8c368f91e556e75a90356dbf3f9ffa47990c6f4a",""
"greedy","113","20361031","20361031","500","-0.7000","3","8c368f91e556e75a90356dbf3f9ffa47990c6f4a",""
"greedy","114","20361032","20361032","500","-0.5000","5","8c368f91e556e75a90356dbf3f9ffa47990c6f4a",""
"greedy","115","20361033","20361033","500","-0.9000","1","8c368f91e556e75a90356dbf3f9ffa47990c6f4a",""
"greedy","116","20361034","20361034","500","-0.6000","4","8c368f91e556e75a90356dbf3f9ffa47990c6f4a",""
"greedy","117","20361035","20361035","500","-0.8000","2","8c368f91e556e75a90356dbf3f9ffa47990c6f4a",""
"greedy","118","20361036","20361036","500","-0.9000","1","8c368f91e556e75a90356dbf3f9ffa47990c6f4a",""
"greedy","119","20361037","20361037","500","-0.9000","1","8c368f91e556e75a90356dbf3f9ffa47990c6f4a",""
"greedy","120","20361038","20361038","500","-0.9000","1","8c368f91e556e75a90356dbf3f9ffa47990c6f4a",""
"greedy","121","20361039","20361039","500","-0.8000","2","8c368f91e556e75a90356dbf3f9ffa47990c6f4a",""
"greedy","122","20361040","20361040","500","-0.1000","7","8c368f91e556e75a90356dbf3f9ffa47990c6f4a",""
"greedy","123","20361041","20361041","500","0.0200","8","8c368f91e556e75a90356dbf3f9ffa47990c6f4a",""
"greedy","124","20361042","20361042","500","-0.1000","7","8c368f91e556e75a90356dbf3f9ffa47990c6f4a",""
"greedy","125","20361043","20361043","500","-0.8000","2","8c368f91e556e75a90356dbf3f9ffa47990c6f4a",""
"greedy","126","20361044","20361044","500","0.0200","8","8c368f91e556e75a90356dbf3f9ffa47990c6f4a",""
"greedy","127","20361045","20361045","500","-0.7000","3","8c368f91e556e75a90356dbf3f9ffa47990c6f4a",""
"greedy","128","20361046","20361046","500","-0.6000","4","8c368f91e556e75a90356dbf3f9ffa47990c6f4a",""
"greedy","129","20361047","20361047","500","-0.5000","5","8c368f91e556e75a90356dbf3f9ffa47990c6f4a",""
"greedy","130","20361048","20361048","500","-0.9000","1","8c368f91e556e75a90356dbf3f9ffa47990c6f4a",""
"greedy","131","20361049","20361049","500","-0.5000","5","8c368f91e556e75a90356dbf3f9ffa47990c6f4a",""
"greedy","132","20361050","20361050","500","-0.9000","1","8c368f91e556e75a90356dbf3f9ffa47990c6f4a",""
"greedy","133","20361051","20361051","500","-0.8000","2","8c368f91e556e75a90356dbf3f9ffa47990c6f4a",""
"greedy","134","20361052","20361052","500","-0.6000","4","8c368f91e556e75a90356dbf3f9ffa47990c6f4a",""
"greedy","135","20361053","20361053","500","-0.6000","4","8c368f91e556e75a90356dbf3f9ffa47990c6f4a",""
"greedy","136","20361054","20361054","500","-0.5000","5","8c368f91e556e75a90356dbf3f9ffa47990c6f4a",""
"greedy","137","20361055","20361055","500","-0.7000","3","8c368f91e556e75a90356dbf3f9ffa47990c6f4a",""
"greedy","138","20361056","20361056","500","-0.9000","1","8c368f91e556e75a90356dbf3f9ffa47990c6f4a",""
"greedy","139","20361057","20361057","500","-0.5000","5","8c368f91e556e75a90356dbf3f9ffa47990c6f4a",""
"greedy","140","20361058","20361058","500","-0.1000","7","8c368f91e556e75a90356dbf3f9ffa47990c6f4a",""
"greedy","141","20361059","20361059","500","-0.8000","2","8c368f91e556e75a90356dbf3f9ffa47990c6f4a",""
"greedy","142","20361060","20361060","500","0.0200","8","8c368f91e556e75a90356dbf3f9ffa47990c6f4a",""
"greedy","143","20361061","20361061","500","-0.9000","1","8c368f91e556e75a90356dbf3f9ffa47990c6f4a",""
"greedy","144","20361062","20361062","500","-0.9000","1","8c368f91e556e75a90356dbf3f9ffa47990c6f4a",""
"greedy","145","20361063","20361063","500","0.0200","8","8c368f91e556e75a90356dbf3f9ffa47990c6f4a",""
"greedy","146","20361064","20361064","500","-0.8000","2","8c368f91e556e75a90356dbf3f9ffa47990c6f4a",""
"greedy","147","20361065","20361065","500","-0.8000","2","8c368f91e556e75a90356dbf3f9ffa47990c6f4a",""
"greedy","148","20361066","20361066","500","-0.6000","4","8c368f91e556e75a90356dbf3f9ffa47990c6f4a",""
"greedy","149","20361067","20361067","500","-0.7000","3","8c368f91e556e75a90356dbf3f9ffa47990c6f4a",""
"greedy","150","20361068","20361068","500","-0.5000","5","8c368f91e556e75a90356dbf3f9ffa47990c6f4a",""
"greedy","151","20361069","20361069","500","-0.8000","2","8c368f91e556e75a90356dbf3f9ffa47990c6f4a",""
"greedy","152","20361070","20361070","500","-0.9000","1","8c368f91e556e75a90356dbf3f9ffa47990c6f4a",""
"greedy","153","20361071","20361071","500","-0.7000","3","8c368f91e556e75a90356dbf3f9ffa47990c6f4a",""
"greedy","154","20361072","20361072","500","-0.6000","4","8c368f91e556e75a90356dbf3f9ffa47990c6f4a",""
"greedy","155","20361073","20361073","500","-0.7000","3","8c368f91e556e75a90356dbf3f9ffa47990c6f4a",""
"greedy","156","20361074","20361074","500","-0.8000","2","8c368f91e556e75a90356dbf3f9ffa47990c6f4a",""
"greedy","157","20361075","20361075","500","-0.7000","3","8c368f91e556e75a90356dbf3f9ffa47990c6f4a",""
"greedy","158","20361076","20361076","500","-0.5000","5","8c368f91e556e75a90356dbf3f9ffa47990c6f4a",""
"greedy","159","20361077","20361077","500","-0.7000","3","8c368f91e556e75a90356dbf3f9ffa47990c6f4a",""
"greedy","160","20361078","20361078","500","-0.6000","4","8c368f91e556e75a90356dbf3f9ffa47990c6f4a",""
"greedy","161","20361079","20361079","500","-0.7000","3","8c368f91e556e75a90356dbf3f9ffa47990c6f4a",""
"greedy","162","20361080","20361080","500","-0.7000","3","8c368f91e556e75a90356dbf3f9ffa47990c6f4a",""
"greedy","163","20361081","20361081","500","-0.9000","1","8c368f91e556e75a90356dbf3f9ffa47990c6f4a",""
"greedy","164","20361082","20361082","500","-0.8000","2","8c368f91e556e75a90356dbf3f9ffa47990c6f4a",""
"greedy","165","20361083","20361083","500","-0.9000","1","8c368f91e556e75a90356dbf3f9ffa47990c6f4a",""
"greedy","166","20361084","20361084","500","-0.9000","1","8c368f91e556e75a90356dbf3f9ffa47990c6f4a",""
"greedy","167","20361085","20361085","500","-0.9000","1","8c368f91e556e75a90356dbf3f9ffa47990c6f4a",""
"greedy","168","20361086","20361086","500","-0.7000","3","8c368f91e556e75a90356dbf3f9ffa47990c6f4a",""
"greedy","169","20361087","20361087","500","0.0200","8","8c368f91e556e75a90356dbf3f9ffa47990c6f4a",""
"greedy","170","20361088","20361088","500","-0.8000","2","8c368f91e556e75a90356dbf3f9ffa47990c6f4a",""
"greedy","171","20361089","20361089","500","-0.5000","5","8c368f91e556e75a90356dbf3f9ffa47990c6f4a",""
"greedy","172","20361090","20361090","500","-0.7000","3","8c368f91e556e75a90356dbf3f9ffa47990c6f4a",""
"greedy","173","20361091","20361091","500","-0.8000","2","8c368f91e556e75a90356dbf3f9ffa47990c6f4a",""
"greedy","174","20361092","20361092","500","-0.8000","2","8c368f91e556e75a90356dbf3f9ffa47990c6f4a",""
"greedy","175","20361093","20361093","500","-0.4000","6","8c368f91e556e75a90356dbf3f9ffa47990c6f4a",""
"greedy","176","20361094","20361094","500","-0.4000","6","8c368f91e556e75a90356dbf3f9ffa47990c6f4a",""
"greedy","177","20361095","20361095","500","-0.5000","5","8c368f91e556e75a90356dbf3f9ffa47990c6f4a",""
"greedy","178","20361096","20361096","500","-0.8000","2","8c368f91e556e75a90356dbf3f9ffa47990c6f4a",""
"greedy","179","20361097","20361097","500","-0.8000","2","8c368f91e556e75a90356dbf3f9ffa47990c6f4a",""
"greedy","180","20361098","20361098","500","-0.8000","2","8c368f91e556e75a90356dbf3f9ffa47990c6f4a",""
"greedy","181","20361099","20361099","500","-0.9000","1","8c368f91e556e75a90356dbf3f9ffa47990c6f4a",""
"greedy","182","20361100","20361100","500","-0.9000","1","8c368f91e556e75a90356dbf3f9ffa47990c6f4a",""
"greedy","183","20361101","20361101","500","-0.1000","7","8c368f91e556e75a90356dbf3f9ffa47990c6f4a",""
"greedy","184","20361102","20361102","500","-0.9000","1","8c368f91e556e75a90356dbf3f9ffa47990c6f4a",""
"greedy","185","20361103","20361103","500","-0.1000","7","8c368f91e556e75a90356dbf3f9ffa47990c6f4a",""
"greedy","186","20361104","20361104","500","-0.8000","2","8c368f91e556e75a90356dbf3f9ffa47990c6f4a",""
"greedy","187","20361105","20361105","500","-0.7000","3","8c368f91e556e75a90356dbf3f9ffa47990c6f4a",""
"greedy","188","20361106","20361106","500","-0.9000","1","8c368f91e556e75a90356dbf3f9ffa47990c6f4a",""
"greedy","189","20361107","20361107","500","-0.5000","5","8c368f91e556e75a90356dbf3f9ffa47990c6f4a",""
"greedy","190","20361108","20361108","500","-0.7000","3","8c368f91e556e75a90356dbf3f9ffa47990c6f4a",""
"greedy","191","20361109","20361109","500","-0.9000","1","8c368f91e556e75a90356dbf3f9ffa47990c6f4a",""
"greedy","192","20361110","20361110","500","-0.7000","3","8c368f91e556e75a90356dbf3f9ffa47990c6f4a",""
"greedy","193","20361111","20361111","500","-0.7000","3","8c368f91e556e75a90356dbf3f9ffa47990c6f4a",""
"greedy","194","20361112","20361112","500","-0.7000","3","8c368f91e556e75a90356dbf3f9ffa47990c6f4a",""
"greedy","195","20361113","20361113","500","-0.9000","1","8c368f91e556e75a90356dbf3f9ffa47990c6f4a",""
"greedy","196","20361114","20361114","500","-0.9000","1","8c368f91e556e75a90356dbf3f9ffa47990c6f4a",""
"greedy","197","20361115","20361115","500","-0.9000","1","8c368f91e556e75a90356dbf3f9ffa47990c6f4a",""
"greedy","198","20361116","20361116","500","-0.9000","1","8c368f91e556e75a90356dbf3f9ffa47990c6f4a",""
"greedy","199","20361117","20361117","500","-0.6000","4","8c368f91e556e75a90356dbf3f9ffa47990c6f4a",""
"neuro","0","20360918","20360918","500","-0.1000","500","8c368f91e556e75a90356dbf3f9ffa47990c6f4a","c2e3aad09c71de6a377cac5fc52118ffc2e25b442fa747f0bfda28a47c44b68d"
"neuro","1","20360919","20360919","500","-0.1000","500","8c368f91e556e75a90356dbf3f9ffa47990c6f4a","c2e3aad09c71de6a377cac5fc52118ffc2e25b442fa747f0bfda28a47c44b68d"
"neuro","2","20360920","20360920","500","-0.1000","500","8c368f91e556e75a90356dbf3f9ffa47990c6f4a","c2e3aad09c71de6a377cac5fc52118ffc2e25b442fa747f0bfda28a47c44b68d"
"neuro","3","20360921","20360921","500","-0.1000","500","8c368f91e556e75a90356dbf3f9ffa47990c6f4a","c2e3aad09c71de6a377cac5fc52118ffc2e25b442fa747f0bfda28a47c44b68d"
"neuro","4","20360922","20360922","500","-0.1000","500","8c368f91e556e75a90356dbf3f9ffa47990c6f4a","c2e3aad09c71de6a377cac5fc52118ffc2e25b442fa747f0bfda28a47c44b68d"
"neuro","5","20360923","20360923","500","-0.1000","500","8c368f91e556e75a90356dbf3f9ffa47990c6f4a","c2e3aad09c71de6a377cac5fc52118ffc2e25b442fa747f0bfda28a47c44b68d"
"neuro","6","20360924","20360924","500","-0.1000","500","8c368f91e556e75a90356dbf3f9ffa47990c6f4a","c2e3aad09c71de6a377cac5fc52118ffc2e25b442fa747f0bfda28a47c44b68d"
"neuro","7","20360925","20360925","500","-0.1000","500","8c368f91e556e75a90356dbf3f9ffa47990c6f4a","c2e3aad09c71de6a377cac5fc52118ffc2e25b442fa747f0bfda28a47c44b68d"
"neuro","8","20360926","20360926","500","-0.1000","500","8c368f91e556e75a90356dbf3f9ffa47990c6f4a","c2e3aad09c71de6a377cac5fc52118ffc2e25b442fa747f0bfda28a47c44b68d"
"neuro","9","20360927","20360927","500","-0.1000","500","8c368f91e556e75a90356dbf3f9ffa47990c6f4a","c2e3aad09c71de6a377cac5fc52118ffc2e25b442fa747f0bfda28a47c44b68d"
"neuro","10","20360928","20360928","500","-0.1000","500","8c368f91e556e75a90356dbf3f9ffa47990c6f4a","c2e3aad09c71de6a377cac5fc52118ffc2e25b442fa747f0bfda28a47c44b68d"
"neuro","11","20360929","20360929","500","-0.1000","500","8c368f91e556e75a90356dbf3f9ffa47990c6f4a","c2e3aad09c71de6a377cac5fc52118ffc2e25b442fa747f0bfda28a47c44b68d"
"neuro","12","20360930","20360930","500","-0.1000","500","8c368f91e556e75a90356dbf3f9ffa47990c6f4a","c2e3aad09c71de6a377cac5fc52118ffc2e25b442fa747f0bfda28a47c44b68d"
"neuro","13","20360931","20360931","500","-0.1000","500","8c368f91e556e75a90356dbf3f9ffa47990c6f4a","c2e3aad09c71de6a377cac5fc52118ffc2e25b442fa747f0bfda28a47c44b68d"
"neuro","14","20360932","20360932","500","-0.1000","500","8c368f91e556e75a90356dbf3f9ffa47990c6f4a","c2e3aad09c71de6a377cac5fc52118ffc2e25b442fa747f0bfda28a47c44b68d"
"neuro","15","20360933","20360933","500","-0.1000","500","8c368f91e556e75a90356dbf3f9ffa47990c6f4a","c2e3aad09c71de6a377cac5fc52118ffc2e25b442fa747f0bfda28a47c44b68d"
"neuro","16","20360934","20360934","500","-0.1000","500","8c368f91e556e75a90356dbf3f9ffa47990c6f4a","c2e3aad09c71de6a377cac5fc52118ffc2e25b442fa747f0bfda28a47c44b68d"
"neuro","17","20360935","20360935","500","-0.1000","500","8c368f91e556e75a90356dbf3f9ffa47990c6f4a","c2e3aad09c71de6a377cac5fc52118ffc2e25b442fa747f0bfda28a47c44b68d"
"neuro","18","20360936","20360936","500","-0.1000","500","8c368f91e556e75a90356dbf3f9ffa47990c6f4a","c2e3aad09c71de6a377cac5fc52118ffc2e25b442fa747f0bfda28a47c44b68d"
"neuro","19","20360937","20360937","500","-0.1000","500","8c368f91e556e75a90356dbf3f9ffa47990c6f4a","c2e3aad09c71de6a377cac5fc52118ffc2e25b442fa747f0bfda28a47c44b68d"
"neuro","20","20360938","20360938","500","-0.1000","500","8c368f91e556e75a90356dbf3f9ffa47990c6f4a","c2e3aad09c71de6a377cac5fc52118ffc2e25b442fa747f0bfda28a47c44b68d"
"neuro","21","20360939","20360939","500","-0.1000","500","8c368f91e556e75a90356dbf3f9ffa47990c6f4a","c2e3aad09c71de6a377cac5fc52118ffc2e25b442fa747f0bfda28a47c44b68d"
"neuro","22","20360940","20360940","500","-0.1000","500","8c368f91e556e75a90356dbf3f9ffa47990c6f4a","c2e3aad09c71de6a377cac5fc52118ffc2e25b442fa747f0bfda28a47c44b68d"
"neuro","23","20360941","20360941","500","-0.1000","500","8c368f91e556e75a90356dbf3f9ffa47990c6f4a","c2e3aad09c71de6a377cac5fc52118ffc2e25b442fa747f0bfda28a47c44b68d"
"neuro","24","20360942","20360942","500","-0.1000","500","8c368f91e556e75a90356dbf3f9ffa47990c6f4a","c2e3aad09c71de6a377cac5fc52118ffc2e25b442fa747f0bfda28a47c44b68d"
"neuro","25","20360943","20360943","500","-0.1000","500","8c368f91e556e75a90356dbf3f9ffa47990c6f4a","c2e3aad09c71de6a377cac5fc52118ffc2e25b442fa747f0bfda28a47c44b68d"
"neuro","26","20360944","20360944","500","-0.1000","500","8c368f91e556e75a90356dbf3f9ffa47990c6f4a","c2e3aad09c71de6a377cac5fc52118ffc2e25b442fa747f0bfda28a47c44b68d"
"neuro","27","20360945","20360945","500","-0.1000","500","8c368f91e556e75a90356dbf3f9ffa47990c6f4a","c2e3aad09c71de6a377cac5fc52118ffc2e25b442fa747f0bfda28a47c44b68d"
"neuro","28","20360946","20360946","500","-0.1000","500","8c368f91e556e75a90356dbf3f9ffa47990c6f4a","c2e3aad09c71de6a377cac5fc52118ffc2e25b442fa747f0bfda28a47c44b68d"
"neuro","29","20360947","20360947","500","-0.1000","500","8c368f91e556e75a90356dbf3f9ffa47990c6f4a","c2e3aad09c71de6a377cac5fc52118ffc2e25b442fa747f0bfda28a47c44b68d"
"neuro","30","20360948","20360948","500","-0.1000","500","8c368f91e556e75a90356dbf3f9ffa47990c6f4a","c2e3aad09c71de6a377cac5fc52118ffc2e25b442fa747f0bfda28a47c44b68d"
"neuro","31","20360949","20360949","500","-0.1000","500","8c368f91e556e75a90356dbf3f9ffa47990c6f4a","c2e3aad09c71de6a377cac5fc52118ffc2e25b442fa747f0bfda28a47c44b68d"
"neuro","32","20360950","20360950","500","-0.1000","500","8c368f91e556e75a90356dbf3f9ffa47990c6f4a","c2e3aad09c71de6a377cac5fc52118ffc2e25b442fa747f0bfda28a47c44b68d"
"neuro","33","20360951","20360951","500","-0.1000","500","8c368f91e556e75a90356dbf3f9ffa47990c6f4a","c2e3aad09c71de6a377cac5fc52118ffc2e25b442fa747f0bfda28a47c44b68d"
"neuro","34","20360952","20360952","500","-0.1000","500","8c368f91e556e75a90356dbf3f9ffa47990c6f4a","c2e3aad09c71de6a377cac5fc52118ffc2e25b442fa747f0bfda28a47c44b68d"
"neuro","35","20360953","20360953","500","-0.1000","500","8c368f91e556e75a90356dbf3f9ffa47990c6f4a","c2e3aad09c71de6a377cac5fc52118ffc2e25b442fa747f0bfda28a47c44b68d"
"neuro","36","20360954","20360954","500","-0.1000","500","8c368f91e556e75a90356dbf3f9ffa47990c6f4a","c2e3aad09c71de6a377cac5fc52118ffc2e25b442fa747f0bfda28a47c44b68d"
"neuro","37","20360955","20360955","500","-0.1000","500","8c368f91e556e75a90356dbf3f9ffa47990c6f4a","c2e3aad09c71de6a377cac5fc52118ffc2e25b442fa747f0bfda28a47c44b68d"
"neuro","38","20360956","20360956","500","-0.1000","500","8c368f91e556e75a90356dbf3f9ffa47990c6f4a","c2e3aad09c71de6a377cac5fc52118ffc2e25b442fa747f0bfda28a47c44b68d"
"neuro","39","20360957","20360957","500","-0.1000","500","8c368f91e556e75a90356dbf3f9ffa47990c6f4a","c2e3aad09c71de6a377cac5fc52118ffc2e25b442fa747f0bfda28a47c44b68d"
"neuro","40","20360958","20360958","500","-0.1000","500","8c368f91e556e75a90356dbf3f9ffa47990c6f4a","c2e3aad09c71de6a377cac5fc52118ffc2e25b442fa747f0bfda28a47c44b68d"
"neuro","41","20360959","20360959","500","-0.1000","500","8c368f91e556e75a90356dbf3f9ffa47990c6f4a","c2e3aad09c71de6a377cac5fc52118ffc2e25b442fa747f0bfda28a47c44b68d"
"neuro","42","20360960","20360960","500","-0.1000","500","8c368f91e556e75a90356dbf3f9ffa47990c6f4a","c2e3aad09c71de6a377cac5fc52118ffc2e25b442fa747f0bfda28a47c44b68d"
"neuro","43","20360961","20360961","500","-0.1000","500","8c368f91e556e75a90356dbf3f9ffa47990c6f4a","c2e3aad09c71de6a377cac5fc52118ffc2e25b442fa747f0bfda28a47c44b68d"
"neuro","44","20360962","20360962","500","-0.1000","500","8c368f91e556e75a90356dbf3f9ffa47990c6f4a","c2e3aad09c71de6a377cac5fc52118ffc2e25b442fa747f0bfda28a47c44b68d"
"neuro","45","20360963","20360963","500","-0.1000","500","8c368f91e556e75a90356dbf3f9ffa47990c6f4a","c2e3aad09c71de6a377cac5fc52118ffc2e25b442fa747f0bfda28a47c44b68d"
"neuro","46","20360964","20360964","500","-0.1000","500","8c368f91e556e75a90356dbf3f9ffa47990c6f4a","c2e3aad09c71de6a377cac5fc52118ffc2e25b442fa747f0bfda28a47c44b68d"
"neuro","47","20360965","20360965","500","-0.1000","500","8c368f91e556e75a90356dbf3f9ffa47990c6f4a","c2e3aad09c71de6a377cac5fc52118ffc2e25b442fa747f0bfda28a47c44b68d"
"neuro","48","20360966","20360966","500","-0.1000","500","8c368f91e556e75a90356dbf3f9ffa47990c6f4a","c2e3aad09c71de6a377cac5fc52118ffc2e25b442fa747f0bfda28a47c44b68d"
"neuro","49","20360967","20360967","500","-0.1000","500","8c368f91e556e75a90356dbf3f9ffa47990c6f4a","c2e3aad09c71de6a377cac5fc52118ffc2e25b442fa747f0bfda28a47c44b68d"
"neuro","50","20360968","20360968","500","-0.1000","500","8c368f91e556e75a90356dbf3f9ffa47990c6f4a","c2e3aad09c71de6a377cac5fc52118ffc2e25b442fa747f0bfda28a47c44b68d"
"neuro","51","20360969","20360969","500","-0.1000","500","8c368f91e556e75a90356dbf3f9ffa47990c6f4a","c2e3aad09c71de6a377cac5fc52118ffc2e25b442fa747f0bfda28a47c44b68d"
"neuro","52","20360970","20360970","500","-0.1000","500","8c368f91e556e75a90356dbf3f9ffa47990c6f4a","c2e3aad09c71de6a377cac5fc52118ffc2e25b442fa747f0bfda28a47c44b68d"
"neuro","53","20360971","20360971","500","-0.1000","500","8c368f91e556e75a90356dbf3f9ffa47990c6f4a","c2e3aad09c71de6a377cac5fc52118ffc2e25b442fa747f0bfda28a47c44b68d"
"neuro","54","20360972","20360972","500","-0.1000","500","8c368f91e556e75a90356dbf3f9ffa47990c6f4a","c2e3aad09c71de6a377cac5fc52118ffc2e25b442fa747f0bfda28a47c44b68d"
"neuro","55","20360973","20360973","500","-0.1000","500","8c368f91e556e75a90356dbf3f9ffa47990c6f4a","c2e3aad09c71de6a377cac5fc52118ffc2e25b442fa747f0bfda28a47c44b68d"
"neuro","56","20360974","20360974","500","-0.1000","500","8c368f91e556e75a90356dbf3f9ffa47990c6f4a","c2e3aad09c71de6a377cac5fc52118ffc2e25b442fa747f0bfda28a47c44b68d"
"neuro","57","20360975","20360975","500","-0.1000","500","8c368f91e556e75a90356dbf3f9ffa47990c6f4a","c2e3aad09c71de6a377cac5fc52118ffc2e25b442fa747f0bfda28a47c44b68d"
"neuro","58","20360976","20360976","500","-0.1000","500","8c368f91e556e75a90356dbf3f9ffa47990c6f4a","c2e3aad09c71de6a377cac5fc52118ffc2e25b442fa747f0bfda28a47c44b68d"
"neuro","59","20360977","20360977","500","-0.1000","500","8c368f91e556e75a90356dbf3f9ffa47990c6f4a","c2e3aad09c71de6a377cac5fc52118ffc2e25b442fa747f0bfda28a47c44b68d"
"neuro","60","20360978","20360978","500","-0.1000","500","8c368f91e556e75a90356dbf3f9ffa47990c6f4a","c2e3aad09c71de6a377cac5fc52118ffc2e25b442fa747f0bfda28a47c44b68d"
"neuro","61","20360979","20360979","500","-0.1000","500","8c368f91e556e75a90356dbf3f9ffa47990c6f4a","c2e3aad09c71de6a377cac5fc52118ffc2e25b442fa747f0bfda28a47c44b68d"
"neuro","62","20360980","20360980","500","-0.1000","500","8c368f91e556e75a90356dbf3f9ffa47990c6f4a","c2e3aad09c71de6a377cac5fc52118ffc2e25b442fa747f0bfda28a47c44b68d"
"neuro","63","20360981","20360981","500","-0.1000","500","8c368f91e556e75a90356dbf3f9ffa47990c6f4a","c2e3aad09c71de6a377cac5fc52118ffc2e25b442fa747f0bfda28a47c44b68d"
"neuro","64","20360982","20360982","500","-0.1000","500","8c368f91e556e75a90356dbf3f9ffa47990c6f4a","c2e3aad09c71de6a377cac5fc52118ffc2e25b442fa747f0bfda28a47c44b68d"
"neuro","65","20360983","20360983","500","-0.1000","500","8c368f91e556e75a90356dbf3f9ffa47990c6f4a","c2e3aad09c71de6a377cac5fc52118ffc2e25b442fa747f0bfda28a47c44b68d"
"neuro","66","20360984","20360984","500","-0.1000","500","8c368f91e556e75a90356dbf3f9ffa47990c6f4a","c2e3aad09c71de6a377cac5fc52118ffc2e25b442fa747f0bfda28a47c44b68d"
"neuro","67","20360985","20360985","500","-0.1000","500","8c368f91e556e75a90356dbf3f9ffa47990c6f4a","c2e3aad09c71de6a377cac5fc52118ffc2e25b442fa747f0bfda28a47c44b68d"
"neuro","68","20360986","20360986","500","-0.1000","500","8c368f91e556e75a90356dbf3f9ffa47990c6f4a","c2e3aad09c71de6a377cac5fc52118ffc2e25b442fa747f0bfda28a47c44b68d"
"neuro","69","20360987","20360987","500","-0.1000","500","8c368f91e556e75a90356dbf3f9ffa47990c6f4a","c2e3aad09c71de6a377cac5fc52118ffc2e25b442fa747f0bfda28a47c44b68d"
"neuro","70","20360988","20360988","500","-0.1000","500","8c368f91e556e75a90356dbf3f9ffa47990c6f4a","c2e3aad09c71de6a377cac5fc52118ffc2e25b442fa747f0bfda28a47c44b68d"
"neuro","71","20360989","20360989","500","-0.1000","500","8c368f91e556e75a90356dbf3f9ffa47990c6f4a","c2e3aad09c71de6a377cac5fc52118ffc2e25b442fa747f0bfda28a47c44b68d"
"neuro","72","20360990","20360990","500","-0.1000","500","8c368f91e556e75a90356dbf3f9ffa47990c6f4a","c2e3aad09c71de6a377cac5fc52118ffc2e25b442fa747f0bfda28a47c44b68d"
"neuro","73","20360991","20360991","500","-0.1000","500","8c368f91e556e75a90356dbf3f9ffa47990c6f4a","c2e3aad09c71de6a377cac5fc52118ffc2e25b442fa747f0bfda28a47c44b68d"
"neuro","74","20360992","20360992","500","-0.1000","500","8c368f91e556e75a90356dbf3f9ffa47990c6f4a","c2e3aad09c71de6a377cac5fc52118ffc2e25b442fa747f0bfda28a47c44b68d"
"neuro","75","20360993","20360993","500","-0.1000","500","8c368f91e556e75a90356dbf3f9ffa47990c6f4a","c2e3aad09c71de6a377cac5fc52118ffc2e25b442fa747f0bfda28a47c44b68d"
"neuro","76","20360994","20360994","500","-0.1000","500","8c368f91e556e75a90356dbf3f9ffa47990c6f4a","c2e3aad09c71de6a377cac5fc52118ffc2e25b442fa747f0bfda28a47c44b68d"
"neuro","77","20360995","20360995","500","-0.1000","500","8c368f91e556e75a90356dbf3f9ffa47990c6f4a","c2e3aad09c71de6a377cac5fc52118ffc2e25b442fa747f0bfda28a47c44b68d"
"neuro","78","20360996","20360996","500","-0.1000","500","8c368f91e556e75a90356dbf3f9ffa47990c6f4a","c2e3aad09c71de6a377cac5fc52118ffc2e25b442fa747f0bfda28a47c44b68d"
"neuro","79","20360997","20360997","500","-0.1000","500","8c368f91e556e75a90356dbf3f9ffa47990c6f4a","c2e3aad09c71de6a377cac5fc52118ffc2e25b442fa747f0bfda28a47c44b68d"
"neuro","80","20360998","20360998","500","-0.1000","500","8c368f91e556e75a90356dbf3f9ffa47990c6f4a","c2e3aad09c71de6a377cac5fc52118ffc2e25b442fa747f0bfda28a47c44b68d"
"neuro","81","20360999","20360999","500","-0.1000","500","8c368f91e556e75a90356dbf3f9ffa47990c6f4a","c2e3aad09c71de6a377cac5fc52118ffc2e25b442fa747f0bfda28a47c44b68d"
"neuro","82","20361000","20361000","500","-0.1000","500","8c368f91e556e75a90356dbf3f9ffa47990c6f4a","c2e3aad09c71de6a377cac5fc52118ffc2e25b442fa747f0bfda28a47c44b68d"
"neuro","83","20361001","20361001","500","-0.1000","500","8c368f91e556e75a90356dbf3f9ffa47990c6f4a","c2e3aad09c71de6a377cac5fc52118ffc2e25b442fa747f0bfda28a47c44b68d"
"neuro","84","20361002","20361002","500","-0.1000","500","8c368f91e556e75a90356dbf3f9ffa47990c6f4a","c2e3aad09c71de6a377cac5fc52118ffc2e25b442fa747f0bfda28a47c44b68d"
"neuro","85","20361003","20361003","500","-0.1000","500","8c368f91e556e75a90356dbf3f9ffa47990c6f4a","c2e3aad09c71de6a377cac5fc52118ffc2e25b442fa747f0bfda28a47c44b68d"
"neuro","86","20361004","20361004","500","-0.1000","500","8c368f91e556e75a90356dbf3f9ffa47990c6f4a","c2e3aad09c71de6a377cac5fc52118ffc2e25b442fa747f0bfda28a47c44b68d"
"neuro","87","20361005","20361005","500","-0.1000","500","8c368f91e556e75a90356dbf3f9ffa47990c6f4a","c2e3aad09c71de6a377cac5fc52118ffc2e25b442fa747f0bfda28a47c44b68d"
"neuro","88","20361006","20361006","500","-0.1000","500","8c368f91e556e75a90356dbf3f9ffa47990c6f4a","c2e3aad09c71de6a377cac5fc52118ffc2e25b442fa747f0bfda28a47c44b68d"
"neuro","89","20361007","20361007","500","-0.1000","500","8c368f91e556e75a90356dbf3f9ffa47990c6f4a","c2e3aad09c71de6a377cac5fc52118ffc2e25b442fa747f0bfda28a47c44b68d"
"neuro","90","20361008","20361008","500","-0.1000","500","8c368f91e556e75a90356dbf3f9ffa47990c6f4a","c2e3aad09c71de6a377cac5fc52118ffc2e25b442fa747f0bfda28a47c44b68d"
"neuro","91","20361009","20361009","500","-0.1000","500","8c368f91e556e75a90356dbf3f9ffa47990c6f4a","c2e3aad09c71de6a377cac5fc52118ffc2e25b442fa747f0bfda28a47c44b68d"
"neuro","92","20361010","20361010","500","-0.1000","500","8c368f91e556e75a90356dbf3f9ffa47990c6f4a","c2e3aad09c71de6a377cac5fc52118ffc2e25b442fa747f0bfda28a47c44b68d"
"neuro","93","20361011","20361011","500","-0.1000","500","8c368f91e556e75a90356dbf3f9ffa47990c6f4a","c2e3aad09c71de6a377cac5fc52118ffc2e25b442fa747f0bfda28a47c44b68d"
"neuro","94","20361012","20361012","500","-0.1000","500","8c368f91e556e75a90356dbf3f9ffa47990c6f4a","c2e3aad09c71de6a377cac5fc52118ffc2e25b442fa747f0bfda28a47c44b68d"
"neuro","95","20361013","20361013","500","-0.1000","500","8c368f91e556e75a90356dbf3f9ffa47990c6f4a","c2e3aad09c71de6a377cac5fc52118ffc2e25b442fa747f0bfda28a47c44b68d"
"neuro","96","20361014","20361014","500","-0.1000","500","8c368f91e556e75a90356dbf3f9ffa47990c6f4a","c2e3aad09c71de6a377cac5fc52118ffc2e25b442fa747f0bfda28a47c44b68d"
"neuro","97","20361015","20361015","500","-0.1000","500","8c368f91e556e75a90356dbf3f9ffa47990c6f4a","c2e3aad09c71de6a377cac5fc52118ffc2e25b442fa747f0bfda28a47c44b68d"
"neuro","98","20361016","20361016","500","-0.1000","500","8c368f91e556e75a90356dbf3f9ffa47990c6f4a","c2e3aad09c71de6a377cac5fc52118ffc2e25b442fa747f0bfda28a47c44b68d"
"neuro","99","20361017","20361017","500","-0.1000","500","8c368f91e556e75a90356dbf3f9ffa47990c6f4a","c2e3aad09c71de6a377cac5fc52118ffc2e25b442fa747f0bfda28a47c44b68d"
"neuro","100","20361018","20361018","500","-0.1000","500","8c368f91e556e75a90356dbf3f9ffa47990c6f4a","c2e3aad09c71de6a377cac5fc52118ffc2e25b442fa747f0bfda28a47c44b68d"
"neuro","101","20361019","20361019","500","-0.1000","500","8c368f91e556e75a90356dbf3f9ffa47990c6f4a","c2e3aad09c71de6a377cac5fc52118ffc2e25b442fa747f0bfda28a47c44b68d"
"neuro","102","20361020","20361020","500","-0.1000","500","8c368f91e556e75a90356dbf3f9ffa47990c6f4a","c2e3aad09c71de6a377cac5fc52118ffc2e25b442fa747f0bfda28a47c44b68d"
"neuro","103","20361021","20361021","500","-0.1000","500","8c368f91e556e75a90356dbf3f9ffa47990c6f4a","c2e3aad09c71de6a377cac5fc52118ffc2e25b442fa747f0bfda28a47c44b68d"
"neuro","104","20361022","20361022","500","-0.1000","500","8c368f91e556e75a90356dbf3f9ffa47990c6f4a","c2e3aad09c71de6a377cac5fc52118ffc2e25b442fa747f0bfda28a47c44b68d"
"neuro","105","20361023","20361023","500","-0.1000","500","8c368f91e556e75a90356dbf3f9ffa47990c6f4a","c2e3aad09c71de6a377cac5fc52118ffc2e25b442fa747f0bfda28a47c44b68d"
"neuro","106","20361024","20361024","500","-0.1000","500","8c368f91e556e75a90356dbf3f9ffa47990c6f4a","c2e3aad09c71de6a377cac5fc52118ffc2e25b442fa747f0bfda28a47c44b68d"
"neuro","107","20361025","20361025","500","-0.1000","500","8c368f91e556e75a90356dbf3f9ffa47990c6f4a","c2e3aad09c71de6a377cac5fc52118ffc2e25b442fa747f0bfda28a47c44b68d"
"neuro","108","20361026","20361026","500","-0.1000","500","8c368f91e556e75a90356dbf3f9ffa47990c6f4a","c2e3aad09c71de6a377cac5fc52118ffc2e25b442fa747f0bfda28a47c44b68d"
"neuro","109","20361027","20361027","500","-0.1000","500","8c368f91e556e75a90356dbf3f9ffa47990c6f4a","c2e3aad09c71de6a377cac5fc52118ffc2e25b442fa747f0bfda28a47c44b68d"
"neuro","110","20361028","20361028","500","-0.1000","500","8c368f91e556e75a90356dbf3f9ffa47990c6f4a","c2e3aad09c71de6a377cac5fc52118ffc2e25b442fa747f0bfda28a47c44b68d"
"neuro","111","20361029","20361029","500","-0.1000","500","8c368f91e556e75a90356dbf3f9ffa47990c6f4a","c2e3aad09c71de6a377cac5fc52118ffc2e25b442fa747f0bfda28a47c44b68d"
"neuro","112","20361030","20361030","500","-0.1000","500","8c368f91e556e75a90356dbf3f9ffa47990c6f4a","c2e3aad09c71de6a377cac5fc52118ffc2e25b442fa747f0bfda28a47c44b68d"
"neuro","113","20361031","20361031","500","-0.1000","500","8c368f91e556e75a90356dbf3f9ffa47990c6f4a","c2e3aad09c71de6a377cac5fc52118ffc2e25b442fa747f0bfda28a47c44b68d"
"neuro","114","20361032","20361032","500","-0.1000","500","8c368f91e556e75a90356dbf3f9ffa47990c6f4a","c2e3aad09c71de6a377cac5fc52118ffc2e25b442fa747f0bfda28a47c44b68d"
"neuro","115","20361033","20361033","500","-0.1000","500","8c368f91e556e75a90356dbf3f9ffa47990c6f4a","c2e3aad09c71de6a377cac5fc52118ffc2e25b442fa747f0bfda28a47c44b68d"
"neuro","116","20361034","20361034","500","-0.1000","500","8c368f91e556e75a90356dbf3f9ffa47990c6f4a","c2e3aad09c71de6a377cac5fc52118ffc2e25b442fa747f0bfda28a47c44b68d"
"neuro","117","20361035","20361035","500","-0.1000","500","8c368f91e556e75a90356dbf3f9ffa47990c6f4a","c2e3aad09c71de6a377cac5fc52118ffc2e25b442fa747f0bfda28a47c44b68d"
"neuro","118","20361036","20361036","500","-0.1000","500","8c368f91e556e75a90356dbf3f9ffa47990c6f4a","c2e3aad09c71de6a377cac5fc52118ffc2e25b442fa747f0bfda28a47c44b68d"
"neuro","119","20361037","20361037","500","-0.1000","500","8c368f91e556e75a90356dbf3f9ffa47990c6f4a","c2e3aad09c71de6a377cac5fc52118ffc2e25b442fa747f0bfda28a47c44b68d"
"neuro","120","20361038","20361038","500","-0.1000","500","8c368f91e556e75a90356dbf3f9ffa47990c6f4a","c2e3aad09c71de6a377cac5fc52118ffc2e25b442fa747f0bfda28a47c44b68d"
"neuro","121","20361039","20361039","500","-0.1000","500","8c368f91e556e75a90356dbf3f9ffa47990c6f4a","c2e3aad09c71de6a377cac5fc52118ffc2e25b442fa747f0bfda28a47c44b68d"
"neuro","122","20361040","20361040","500","-0.1000","500","8c368f91e556e75a90356dbf3f9ffa47990c6f4a","c2e3aad09c71de6a377cac5fc52118ffc2e25b442fa747f0bfda28a47c44b68d"
"neuro","123","20361041","20361041","500","-0.1000","500","8c368f91e556e75a90356dbf3f9ffa47990c6f4a","c2e3aad09c71de6a377cac5fc52118ffc2e25b442fa747f0bfda28a47c44b68d"
"neuro","124","20361042","20361042","500","-0.1000","500","8c368f91e556e75a90356dbf3f9ffa47990c6f4a","c2e3aad09c71de6a377cac5fc52118ffc2e25b442fa747f0bfda28a47c44b68d"
"neuro","125","20361043","20361043","500","-0.1000","500","8c368f91e556e75a90356dbf3f9ffa47990c6f4a","c2e3aad09c71de6a377cac5fc52118ffc2e25b442fa747f0bfda28a47c44b68d"
"neuro","126","20361044","20361044","500","-0.1000","500","8c368f91e556e75a90356dbf3f9ffa47990c6f4a","c2e3aad09c71de6a377cac5fc52118ffc2e25b442fa747f0bfda28a47c44b68d"
"neuro","127","20361045","20361045","500","-0.1000","500","8c368f91e556e75a90356dbf3f9ffa47990c6f4a","c2e3aad09c71de6a377cac5fc52118ffc2e25b442fa747f0bfda28a47c44b68d"
"neuro","128","20361046","20361046","500","-0.1000","500","8c368f91e556e75a90356dbf3f9ffa47990c6f4a","c2e3aad09c71de6a377cac5fc52118ffc2e25b442fa747f0bfda28a47c44b68d"
"neuro","129","20361047","20361047","500","-0.1000","500","8c368f91e556e75a90356dbf3f9ffa47990c6f4a","c2e3aad09c71de6a377cac5fc52118ffc2e25b442fa747f0bfda28a47c44b68d"
"neuro","130","20361048","20361048","500","-0.1000","500","8c368f91e556e75a90356dbf3f9ffa47990c6f4a","c2e3aad09c71de6a377cac5fc52118ffc2e25b442fa747f0bfda28a47c44b68d"
"neuro","131","20361049","20361049","500","-0.1000","500","8c368f91e556e75a90356dbf3f9ffa47990c6f4a","c2e3aad09c71de6a377cac5fc52118ffc2e25b442fa747f0bfda28a47c44b68d"
"neuro","132","20361050","20361050","500","-0.1000","500","8c368f91e556e75a90356dbf3f9ffa47990c6f4a","c2e3aad09c71de6a377cac5fc52118ffc2e25b442fa747f0bfda28a47c44b68d"
"neuro","133","20361051","20361051","500","-0.1000","500","8c368f91e556e75a90356dbf3f9ffa47990c6f4a","c2e3aad09c71de6a377cac5fc52118ffc2e25b442fa747f0bfda28a47c44b68d"
"neuro","134","20361052","20361052","500","-0.1000","500","8c368f91e556e75a90356dbf3f9ffa47990c6f4a","c2e3aad09c71de6a377cac5fc52118ffc2e25b442fa747f0bfda28a47c44b68d"
"neuro","135","20361053","20361053","500","-0.1000","500","8c368f91e556e75a90356dbf3f9ffa47990c6f4a","c2e3aad09c71de6a377cac5fc52118ffc2e25b442fa747f0bfda28a47c44b68d"
"neuro","136","20361054","20361054","500","-0.1000","500","8c368f91e556e75a90356dbf3f9ffa47990c6f4a","c2e3aad09c71de6a377cac5fc52118ffc2e25b442fa747f0bfda28a47c44b68d"
"neuro","137","20361055","20361055","500","-0.1000","500","8c368f91e556e75a90356dbf3f9ffa47990c6f4a","c2e3aad09c71de6a377cac5fc52118ffc2e25b442fa747f0bfda28a47c44b68d"
"neuro","138","20361056","20361056","500","-0.1000","500","8c368f91e556e75a90356dbf3f9ffa47990c6f4a","c2e3aad09c71de6a377cac5fc52118ffc2e25b442fa747f0bfda28a47c44b68d"
"neuro","139","20361057","20361057","500","-0.1000","500","8c368f91e556e75a90356dbf3f9ffa47990c6f4a","c2e3aad09c71de6a377cac5fc52118ffc2e25b442fa747f0bfda28a47c44b68d"
"neuro","140","20361058","20361058","500","-0.1000","500","8c368f91e556e75a90356dbf3f9ffa47990c6f4a","c2e3aad09c71de6a377cac5fc52118ffc2e25b442fa747f0bfda28a47c44b68d"
"neuro","141","20361059","20361059","500","-0.1000","500","8c368f91e556e75a90356dbf3f9ffa47990c6f4a","c2e3aad09c71de6a377cac5fc52118ffc2e25b442fa747f0bfda28a47c44b68d"
"neuro","142","20361060","20361060","500","-0.1000","500","8c368f91e556e75a90356dbf3f9ffa47990c6f4a","c2e3aad09c71de6a377cac5fc52118ffc2e25b442fa747f0bfda28a47c44b68d"
"neuro","143","20361061","20361061","500","-0.1000","500","8c368f91e556e75a90356dbf3f9ffa47990c6f4a","c2e3aad09c71de6a377cac5fc52118ffc2e25b442fa747f0bfda28a47c44b68d"
"neuro","144","20361062","20361062","500","-0.1000","500","8c368f91e556e75a90356dbf3f9ffa47990c6f4a","c2e3aad09c71de6a377cac5fc52118ffc2e25b442fa747f0bfda28a47c44b68d"
"neuro","145","20361063","20361063","500","-0.1000","500","8c368f91e556e75a90356dbf3f9ffa47990c6f4a","c2e3aad09c71de6a377cac5fc52118ffc2e25b442fa747f0bfda28a47c44b68d"
"neuro","146","20361064","20361064","500","-0.1000","500","8c368f91e556e75a90356dbf3f9ffa47990c6f4a","c2e3aad09c71de6a377cac5fc52118ffc2e25b442fa747f0bfda28a47c44b68d"
"neuro","147","20361065","20361065","500","-0.1000","500","8c368f91e556e75a90356dbf3f9ffa47990c6f4a","c2e3aad09c71de6a377cac5fc52118ffc2e25b442fa747f0bfda28a47c44b68d"
"neuro","148","20361066","20361066","500","-0.1000","500","8c368f91e556e75a90356dbf3f9ffa47990c6f4a","c2e3aad09c71de6a377cac5fc52118ffc2e25b442fa747f0bfda28a47c44b68d"
"neuro","149","20361067","20361067","500","-0.1000","500","8c368f91e556e75a90356dbf3f9ffa47990c6f4a","c2e3aad09c71de6a377cac5fc52118ffc2e25b442fa747f0bfda28a47c44b68d"
"neuro","150","20361068","20361068","500","-0.1000","500","8c368f91e556e75a90356dbf3f9ffa47990c6f4a","c2e3aad09c71de6a377cac5fc52118ffc2e25b442fa747f0bfda28a47c44b68d"
"neuro","151","20361069","20361069","500","-0.1000","500","8c368f91e556e75a90356dbf3f9ffa47990c6f4a","c2e3aad09c71de6a377cac5fc52118ffc2e25b442fa747f0bfda28a47c44b68d"
"neuro","152","20361070","20361070","500","-0.1000","500","8c368f91e556e75a90356dbf3f9ffa47990c6f4a","c2e3aad09c71de6a377cac5fc52118ffc2e25b442fa747f0bfda28a47c44b68d"
"neuro","153","20361071","20361071","500","-0.1000","500","8c368f91e556e75a90356dbf3f9ffa47990c6f4a","c2e3aad09c71de6a377cac5fc52118ffc2e25b442fa747f0bfda28a47c44b68d"
"neuro","154","20361072","20361072","500","-0.1000","500","8c368f91e556e75a90356dbf3f9ffa47990c6f4a","c2e3aad09c71de6a377cac5fc52118ffc2e25b442fa747f0bfda28a47c44b68d"
"neuro","155","20361073","20361073","500","-0.1000","500","8c368f91e556e75a90356dbf3f9ffa47990c6f4a","c2e3aad09c71de6a377cac5fc52118ffc2e25b442fa747f0bfda28a47c44b68d"
"neuro","156","20361074","20361074","500","-0.1000","500","8c368f91e556e75a90356dbf3f9ffa47990c6f4a","c2e3aad09c71de6a377cac5fc52118ffc2e25b442fa747f0bfda28a47c44b68d"
"neuro","157","20361075","20361075","500","-0.1000","500","8c368f91e556e75a90356dbf3f9ffa47990c6f4a","c2e3aad09c71de6a377cac5fc52118ffc2e25b442fa747f0bfda28a47c44b68d"
"neuro","158","20361076","20361076","500","-0.1000","500","8c368f91e556e75a90356dbf3f9ffa47990c6f4a","c2e3aad09c71de6a377cac5fc52118ffc2e25b442fa747f0bfda28a47c44b68d"
"neuro","159","20361077","20361077","500","-0.1000","500","8c368f91e556e75a90356dbf3f9ffa47990c6f4a","c2e3aad09c71de6a377cac5fc52118ffc2e25b442fa747f0bfda28a47c44b68d"
"neuro","160","20361078","20361078","500","-0.1000","500","8c368f91e556e75a90356dbf3f9ffa47990c6f4a","c2e3aad09c71de6a377cac5fc52118ffc2e25b442fa747f0bfda28a47c44b68d"
"neuro","161","20361079","20361079","500","-0.1000","500","8c368f91e556e75a90356dbf3f9ffa47990c6f4a","c2e3aad09c71de6a377cac5fc52118ffc2e25b442fa747f0bfda28a47c44b68d"
"neuro","162","20361080","20361080","500","-0.1000","500","8c368f91e556e75a90356dbf3f9ffa47990c6f4a","c2e3aad09c71de6a377cac5fc52118ffc2e25b442fa747f0bfda28a47c44b68d"
"neuro","163","20361081","20361081","500","-0.1000","500","8c368f91e556e75a90356dbf3f9ffa47990c6f4a","c2e3aad09c71de6a377cac5fc52118ffc2e25b442fa747f0bfda28a47c44b68d"
"neuro","164","20361082","20361082","500","-0.1000","500","8c368f91e556e75a90356dbf3f9ffa47990c6f4a","c2e3aad09c71de6a377cac5fc52118ffc2e25b442fa747f0bfda28a47c44b68d"
"neuro","165","20361083","20361083","500","-0.1000","500","8c368f91e556e75a90356dbf3f9ffa47990c6f4a","c2e3aad09c71de6a377cac5fc52118ffc2e25b442fa747f0bfda28a47c44b68d"
"neuro","166","20361084","20361084","500","-0.1000","500","8c368f91e556e75a90356dbf3f9ffa47990c6f4a","c2e3aad09c71de6a377cac5fc52118ffc2e25b442fa747f0bfda28a47c44b68d"
"neuro","167","20361085","20361085","500","-0.1000","500","8c368f91e556e75a90356dbf3f9ffa47990c6f4a","c2e3aad09c71de6a377cac5fc52118ffc2e25b442fa747f0bfda28a47c44b68d"
"neuro","168","20361086","20361086","500","-0.1000","500","8c368f91e556e75a90356dbf3f9ffa47990c6f4a","c2e3aad09c71de6a377cac5fc52118ffc2e25b442fa747f0bfda28a47c44b68d"
"neuro","169","20361087","20361087","500","-0.1000","500","8c368f91e556e75a90356dbf3f9ffa47990c6f4a","c2e3aad09c71de6a377cac5fc52118ffc2e25b442fa747f0bfda28a47c44b68d"
"neuro","170","20361088","20361088","500","-0.1000","500","8c368f91e556e75a90356dbf3f9ffa47990c6f4a","c2e3aad09c71de6a377cac5fc52118ffc2e25b442fa747f0bfda28a47c44b68d"
"neuro","171","20361089","20361089","500","-0.1000","500","8c368f91e556e75a90356dbf3f9ffa47990c6f4a","c2e3aad09c71de6a377cac5fc52118ffc2e25b442fa747f0bfda28a47c44b68d"
"neuro","172","20361090","20361090","500","-0.1000","500","8c368f91e556e75a90356dbf3f9ffa47990c6f4a","c2e3aad09c71de6a377cac5fc52118ffc2e25b442fa747f0bfda28a47c44b68d"
"neuro","173","20361091","20361091","500","-0.1000","500","8c368f91e556e75a90356dbf3f9ffa47990c6f4a","c2e3aad09c71de6a377cac5fc52118ffc2e25b442fa747f0bfda28a47c44b68d"
"neuro","174","20361092","20361092","500","-0.1000","500","8c368f91e556e75a90356dbf3f9ffa47990c6f4a","c2e3aad09c71de6a377cac5fc52118ffc2e25b442fa747f0bfda28a47c44b68d"
"neuro","175","20361093","20361093","500","-0.1000","500","8c368f91e556e75a90356dbf3f9ffa47990c6f4a","c2e3aad09c71de6a377cac5fc52118ffc2e25b442fa747f0bfda28a47c44b68d"
"neuro","176","20361094","20361094","500","-0.1000","500","8c368f91e556e75a90356dbf3f9ffa47990c6f4a","c2e3aad09c71de6a377cac5fc52118ffc2e25b442fa747f0bfda28a47c44b68d"
"neuro","177","20361095","20361095","500","-0.1000","500","8c368f91e556e75a90356dbf3f9ffa47990c6f4a","c2e3aad09c71de6a377cac5fc52118ffc2e25b442fa747f0bfda28a47c44b68d"
"neuro","178","20361096","20361096","500","-0.1000","500","8c368f91e556e75a90356dbf3f9ffa47990c6f4a","c2e3aad09c71de6a377cac5fc52118ffc2e25b442fa747f0bfda28a47c44b68d"
"neuro","179","20361097","20361097","500","-0.1000","500","8c368f91e556e75a90356dbf3f9ffa47990c6f4a","c2e3aad09c71de6a377cac5fc52118ffc2e25b442fa747f0bfda28a47c44b68d"
"neuro","180","20361098","20361098","500","-0.1000","500","8c368f91e556e75a90356dbf3f9ffa47990c6f4a","c2e3aad09c71de6a377cac5fc52118ffc2e25b442fa747f0bfda28a47c44b68d"
"neuro","181","20361099","20361099","500","-0.1000","500","8c368f91e556e75a90356dbf3f9ffa47990c6f4a","c2e3aad09c71de6a377cac5fc52118ffc2e25b442fa747f0bfda28a47c44b68d"
"neuro","182","20361100","20361100","500","-0.1000","500","8c368f91e556e75a90356dbf3f9ffa47990c6f4a","c2e3aad09c71de6a377cac5fc52118ffc2e25b442fa747f0bfda28a47c44b68d"
"neuro","183","20361101","20361101","500","-0.1000","500","8c368f91e556e75a90356dbf3f9ffa47990c6f4a","c2e3aad09c71de6a377cac5fc52118ffc2e25b442fa747f0bfda28a47c44b68d"
"neuro","184","20361102","20361102","500","-0.1000","500","8c368f91e556e75a90356dbf3f9ffa47990c6f4a","c2e3aad09c71de6a377cac5fc52118ffc2e25b442fa747f0bfda28a47c44b68d"
"neuro","185","20361103","20361103","500","-0.1000","500","8c368f91e556e75a90356dbf3f9ffa47990c6f4a","c2e3aad09c71de6a377cac5fc52118ffc2e25b442fa747f0bfda28a47c44b68d"
"neuro","186","20361104","20361104","500","-0.1000","500","8c368f91e556e75a90356dbf3f9ffa47990c6f4a","c2e3aad09c71de6a377cac5fc52118ffc2e25b442fa747f0bfda28a47c44b68d"
"neuro","187","20361105","20361105","500","-0.1000","500","8c368f91e556e75a90356dbf3f9ffa47990c6f4a","c2e3aad09c71de6a377cac5fc52118ffc2e25b442fa747f0bfda28a47c44b68d"
"neuro","188","20361106","20361106","500","-0.1000","500","8c368f91e556e75a90356dbf3f9ffa47990c6f4a","c2e3aad09c71de6a377cac5fc52118ffc2e25b442fa747f0bfda28a47c44b68d"
"neuro","189","20361107","20361107","500","-0.1000","500","8c368f91e556e75a90356dbf3f9ffa47990c6f4a","c2e3aad09c71de6a377cac5fc52118ffc2e25b442fa747f0bfda28a47c44b68d"
"neuro","190","20361108","20361108","500","-0.1000","500","8c368f91e556e75a90356dbf3f9ffa47990c6f4a","c2e3aad09c71de6a377cac5fc52118ffc2e25b442fa747f0bfda28a47c44b68d"
"neuro","191","20361109","20361109","500","-0.1000","500","8c368f91e556e75a90356dbf3f9ffa47990c6f4a","c2e3aad09c71de6a377cac5fc52118ffc2e25b442fa747f0bfda28a47c44b68d"
"neuro","192","20361110","20361110","500","-0.1000","500","8c368f91e556e75a90356dbf3f9ffa47990c6f4a","c2e3aad09c71de6a377cac5fc52118ffc2e25b442fa747f0bfda28a47c44b68d"
"neuro","193","20361111","20361111","500","-0.1000","500","8c368f91e556e75a90356dbf3f9ffa47990c6f4a","c2e3aad09c71de6a377cac5fc52118ffc2e25b442fa747f0bfda28a47c44b68d"
"neuro","194","20361112","20361112","500","-0.1000","500","8c368f91e556e75a90356dbf3f9ffa47990c6f4a","c2e3aad09c71de6a377cac5fc52118ffc2e25b442fa747f0bfda28a47c44b68d"
"neuro","195","20361113","20361113","500","-0.1000","500","8c368f91e556e75a90356dbf3f9ffa47990c6f4a","c2e3aad09c71de6a377cac5fc52118ffc2e25b442fa747f0bfda28a47c44b68d"
"neuro","196","20361114","20361114","500","-0.1000","500","8c368f91e556e75a90356dbf3f9ffa47990c6f4a","c2e3aad09c71de6a377cac5fc52118ffc2e25b442fa747f0bfda28a47c44b68d"
"neuro","197","20361115","20361115","500","-0.1000","500","8c368f91e556e75a90356dbf3f9ffa47990c6f4a","c2e3aad09c71de6a377cac5fc52118ffc2e25b442fa747f0bfda28a47c44b68d"
"neuro","198","20361116","20361116","500","-0.1000","500","8c368f91e556e75a90356dbf3f9ffa47990c6f4a","c2e3aad09c71de6a377cac5fc52118ffc2e25b442fa747f0bfda28a47c44b68d"
"neuro","199","20361117","20361117","500","-0.1000","500","8c368f91e556e75a90356dbf3f9ffa47990c6f4a","c2e3aad09c71de6a377cac5fc52118ffc2e25b442fa747f0bfda28a47c44b68d"
